date,sin
01-Jan-00,1072017
02-Jan-00,1373682
03-Jan-00,1441503
04-Jan-00,1456464
05-Jan-00,1476612
06-Jan-00,1404174
07-Jan-00,1302856
08-Jan-00,1206817
09-Jan-00,1522783
10-Jan-00,1577042
11-Jan-00,1578567
12-Jan-00,1554047
13-Jan-00,1542692
14-Jan-00,1365049
15-Jan-00,1263453
16-Jan-00,1560560
17-Jan-00,1600181
18-Jan-00,1573275
19-Jan-00,1558934
20-Jan-00,1540769
21-Jan-00,1352191
22-Jan-00,1244947
23-Jan-00,1563358
24-Jan-00,1603701
25-Jan-00,1614353
26-Jan-00,1600546
27-Jan-00,1585825
28-Jan-00,1379113
29-Jan-00,1252305
30-Jan-00,1551131
31-Jan-00,1574766
01-Feb-00,1581404
02-Feb-00,1595126
03-Feb-00,1579112
04-Feb-00,1370879
05-Feb-00,1258560
06-Feb-00,1552992
07-Feb-00,1608136
08-Feb-00,1587727
09-Feb-00,1600766
10-Feb-00,1555826
11-Feb-00,1351125
12-Feb-00,1232167
13-Feb-00,1517103
14-Feb-00,1552274
15-Feb-00,1563710
16-Feb-00,1524160
17-Feb-00,1496555
18-Feb-00,1303104
19-Feb-00,1172453
20-Feb-00,1495308
21-Feb-00,1543222
22-Feb-00,1542946
23-Feb-00,1523149
24-Feb-00,1507325
25-Feb-00,1314296
26-Feb-00,1203390
27-Feb-00,1441780
28-Feb-00,1506989
29-Feb-00,1528757
01-Mar-00,1540513
02-Mar-00,1512958
03-Mar-00,1326920
04-Mar-00,1221081
05-Mar-00,1497778
06-Mar-00,1513074
07-Mar-00,1547075
08-Mar-00,1500163
09-Mar-00,1474892
10-Mar-00,1322008
11-Mar-00,1217831
12-Mar-00,1490940
13-Mar-00,1514781
14-Mar-00,1518976
15-Mar-00,1516421
16-Mar-00,1496705
17-Mar-00,1285973
18-Mar-00,1161032
19-Mar-00,1442465
20-Mar-00,1470318
21-Mar-00,1470764
22-Mar-00,1456012
23-Mar-00,1447848
24-Mar-00,1237246
25-Mar-00,1073812
26-Mar-00,1390983
27-Mar-00,1436210
28-Mar-00,1436859
29-Mar-00,1457913
30-Mar-00,1429668
31-Mar-00,1219260
01-Apr-00,1107677
02-Apr-00,1412800
03-Apr-00,1436076
04-Apr-00,1444415
05-Apr-00,1434934
06-Apr-00,1398226
07-Apr-00,1208027
08-Apr-00,1100516
09-Apr-00,1396353
10-Apr-00,1421924
11-Apr-00,1423587
12-Apr-00,1420219
13-Apr-00,1129413
14-Apr-00,1091480
15-Apr-00,988253
16-Apr-00,1003811
17-Apr-00,1338725
18-Apr-00,1368159
19-Apr-00,1363815
20-Apr-00,1335634
21-Apr-00,1161528
22-Apr-00,1040674
23-Apr-00,1337952
24-Apr-00,1361678
25-Apr-00,1373548
26-Apr-00,1382681
27-Apr-00,1362185
28-Apr-00,1176199
29-Apr-00,1030933
30-Apr-00,988020
01-May-00,1316915
02-May-00,1348452
03-May-00,1347914
04-May-00,1332018
05-May-00,1126916
06-May-00,996734
07-May-00,1313621
08-May-00,1351174
09-May-00,1351780
10-May-00,1337297
11-May-00,1322098
12-May-00,1133351
13-May-00,1008514
14-May-00,1309886
15-May-00,1358452
16-May-00,1347240
17-May-00,1364976
18-May-00,1346508
19-May-00,1182877
20-May-00,1051513
21-May-00,1349048
22-May-00,1375413
23-May-00,1340832
24-May-00,1062920
25-May-00,1209309
26-May-00,1113845
27-May-00,1060741
28-May-00,1341232
29-May-00,1375604
30-May-00,1379658
31-May-00,1368401
01-Jun-00,1325515
02-Jun-00,1113635
03-Jun-00,958439
04-Jun-00,971037
05-Jun-00,1295638
06-Jun-00,1325950
07-Jun-00,1327278
08-Jun-00,1313657
09-Jun-00,1124913
10-Jun-00,1001693
11-Jun-00,1320571
12-Jun-00,1353724
13-Jun-00,1353459
14-Jun-00,1148305
15-Jun-00,1251714
16-Jun-00,1111860
17-Jun-00,1002797
18-Jun-00,1342882
19-Jun-00,1368829
20-Jun-00,1373083
21-Jun-00,1361039
22-Jun-00,1320378
23-Jun-00,1123289
24-Jun-00,1024931
25-Jun-00,1337604
26-Jun-00,1353445
27-Jun-00,1340019
28-Jun-00,1343221
29-Jun-00,1300808
30-Jun-00,1116493
01-Jul-00,994197
02-Jul-00,1316812
03-Jul-00,1353769
04-Jul-00,1378568
05-Jul-00,1378061
06-Jul-00,1362654
07-Jul-00,1150027
08-Jul-00,1015348
09-Jul-00,1326368
10-Jul-00,1360367
11-Jul-00,1356817
12-Jul-00,1361337
13-Jul-00,1330002
14-Jul-00,1103262
15-Jul-00,990050
16-Jul-00,1296897
17-Jul-00,1331893
18-Jul-00,1341181
19-Jul-00,1351634
20-Jul-00,1334512
21-Jul-00,1147194
22-Jul-00,1022860
23-Jul-00,1321867
24-Jul-00,1349110
25-Jul-00,1355603
26-Jul-00,1348476
27-Jul-00,1331697
28-Jul-00,1131908
29-Jul-00,1009232
30-Jul-00,1284607
31-Jul-00,1303245
01-Aug-00,1292009
02-Aug-00,1284837
03-Aug-00,1263963
04-Aug-00,1094552
05-Aug-00,992930
06-Aug-00,1261377
07-Aug-00,1287523
08-Aug-00,1285002
09-Aug-00,1294462
10-Aug-00,1275540
11-Aug-00,1098212
12-Aug-00,984304
13-Aug-00,1258000
14-Aug-00,1282761
15-Aug-00,1291498
16-Aug-00,1297255
17-Aug-00,1292102
18-Aug-00,1103120
19-Aug-00,1020711
20-Aug-00,1312562
21-Aug-00,1340311
22-Aug-00,1326590
23-Aug-00,1330525
24-Aug-00,1324844
25-Aug-00,1135827
26-Aug-00,1029919
27-Aug-00,1336359
28-Aug-00,1353683
29-Aug-00,1370225
30-Aug-00,1351258
31-Aug-00,1339289
01-Sep-00,1147364
02-Sep-00,1086047
03-Sep-00,1394660
04-Sep-00,1400617
05-Sep-00,1392669
06-Sep-00,1402596
07-Sep-00,1368971
08-Sep-00,1145774
09-Sep-00,1042888
10-Sep-00,1370699
11-Sep-00,1395393
12-Sep-00,1398957
13-Sep-00,1399662
14-Sep-00,1397683
15-Sep-00,1200444
16-Sep-00,1062268
17-Sep-00,1382847
18-Sep-00,1405715
19-Sep-00,1385895
20-Sep-00,1384548
21-Sep-00,1381087
22-Sep-00,1184864
23-Sep-00,1067327
24-Sep-00,1393361
25-Sep-00,1424598
26-Sep-00,1416994
27-Sep-00,1402187
28-Sep-00,1383770
29-Sep-00,1184582
30-Sep-00,1057918
01-Oct-00,1280285
02-Oct-00,1121049
03-Oct-00,1367091
04-Oct-00,1394353
05-Oct-00,1427338
06-Oct-00,1237059
07-Oct-00,1097675
08-Oct-00,1397295
09-Oct-00,1433979
10-Oct-00,1429554
11-Oct-00,1432845
12-Oct-00,1427925
13-Oct-00,1213481
14-Oct-00,1086291
15-Oct-00,1405097
16-Oct-00,1445693
17-Oct-00,1449357
18-Oct-00,1452104
19-Oct-00,1435552
20-Oct-00,1241360
21-Oct-00,1113729
22-Oct-00,1453467
23-Oct-00,1499508
24-Oct-00,1471398
25-Oct-00,1479593
26-Oct-00,1482098
27-Oct-00,1248821
28-Oct-00,1176932
29-Oct-00,1408506
30-Oct-00,1457027
31-Oct-00,1354151
01-Nov-00,1476830
02-Nov-00,1480377
03-Nov-00,1301349
04-Nov-00,1241752
05-Nov-00,1518021
06-Nov-00,1507144
07-Nov-00,1516278
08-Nov-00,1557183
09-Nov-00,1486708
10-Nov-00,1330158
11-Nov-00,1226520
12-Nov-00,1530315
13-Nov-00,1524934
14-Nov-00,1504237
15-Nov-00,1491419
16-Nov-00,1478244
17-Nov-00,1275409
18-Nov-00,1166600
19-Nov-00,1503692
20-Nov-00,1523545
21-Nov-00,1510897
22-Nov-00,1552898
23-Nov-00,1494985
24-Nov-00,1309716
25-Nov-00,1154871
26-Nov-00,1482508
27-Nov-00,1519958
28-Nov-00,1532113
29-Nov-00,1530248
30-Nov-00,1518366
01-Dec-00,1338096
02-Dec-00,1213340
03-Dec-00,1544436
04-Dec-00,1569346
05-Dec-00,1545124
06-Dec-00,1564696
07-Dec-00,1550178
08-Dec-00,1313095
09-Dec-00,1191673
10-Dec-00,1575522
11-Dec-00,1558977
12-Dec-00,1588873
13-Dec-00,1594292
14-Dec-00,1543770
15-Dec-00,1357037
16-Dec-00,1218224
17-Dec-00,1511548
18-Dec-00,1525304
19-Dec-00,1528398
20-Dec-00,1476952
21-Dec-00,1393868
22-Dec-00,1238605
23-Dec-00,1100960
24-Dec-00,1073547
25-Dec-00,1073634
26-Dec-00,1281279
27-Dec-00,1315598
28-Dec-00,1273746
29-Dec-00,1237192
30-Dec-00,1147106
31-Dec-00,1128315
01-Jan-01,1411936
02-Jan-01,1470299
03-Jan-01,1513179
04-Jan-01,1487512
05-Jan-01,1255335
06-Jan-01,1171244
07-Jan-01,1506316
08-Jan-01,1553242
09-Jan-01,1554254
10-Jan-01,1596084
11-Jan-01,1567936
12-Jan-01,1357989
13-Jan-01,1248302
14-Jan-01,1515720
15-Jan-01,1551738
16-Jan-01,1562760
17-Jan-01,1547607
18-Jan-01,1532509
19-Jan-01,1346739
20-Jan-01,1255609
21-Jan-01,1540675
22-Jan-01,1548045
23-Jan-01,1580641
24-Jan-01,1579976
25-Jan-01,1631317
26-Jan-01,1400709
27-Jan-01,1318788
28-Jan-01,1564458
29-Jan-01,1573543
30-Jan-01,1597983
31-Jan-01,1531925
01-Feb-01,1523636
02-Feb-01,1340830
03-Feb-01,1202981
04-Feb-01,1481765
05-Feb-01,1543316
06-Feb-01,1573306
07-Feb-01,1569495
08-Feb-01,1551619
09-Feb-01,1366668
10-Feb-01,1216448
11-Feb-01,1460464
12-Feb-01,1524556
13-Feb-01,1529630
14-Feb-01,1511097
15-Feb-01,1486634
16-Feb-01,1307299
17-Feb-01,1180456
18-Feb-01,1373042
19-Feb-01,1450413
20-Feb-01,1502150
21-Feb-01,1484886
22-Feb-01,1478547
23-Feb-01,1324762
24-Feb-01,1190777
25-Feb-01,1445719
26-Feb-01,1509833
27-Feb-01,1505114
28-Feb-01,1522483
01-Mar-01,1511609
02-Mar-01,1283672
03-Mar-01,1137558
04-Mar-01,1482569
05-Mar-01,1501307
06-Mar-01,1479011
07-Mar-01,1468841
08-Mar-01,1454335
09-Mar-01,1259652
10-Mar-01,1130088
11-Mar-01,1408994
12-Mar-01,1439156
13-Mar-01,1438740
14-Mar-01,1436461
15-Mar-01,1440592
16-Mar-01,1327585
17-Mar-01,1241699
18-Mar-01,1488737
19-Mar-01,1486624
20-Mar-01,1509295
21-Mar-01,1540808
22-Mar-01,1519183
23-Mar-01,1341716
24-Mar-01,1112401
25-Mar-01,1432716
26-Mar-01,1442257
27-Mar-01,1442199
28-Mar-01,1454110
29-Mar-01,1417899
30-Mar-01,1239706
31-Mar-01,1115819
01-Apr-01,1389473
02-Apr-01,1440924
03-Apr-01,1435281
04-Apr-01,1442385
05-Apr-01,1123431
06-Apr-01,1118015
07-Apr-01,1008136
08-Apr-01,1049682
09-Apr-01,1379466
10-Apr-01,1407594
11-Apr-01,1390689
12-Apr-01,1376167
13-Apr-01,1183356
14-Apr-01,1045066
15-Apr-01,1354907
16-Apr-01,1383746
17-Apr-01,1408352
18-Apr-01,1426033
19-Apr-01,1397252
20-Apr-01,1175849
21-Apr-01,1041581
22-Apr-01,1358952
23-Apr-01,1392071
24-Apr-01,1387681
25-Apr-01,1383045
26-Apr-01,1363867
27-Apr-01,1174682
28-Apr-01,1037929
29-Apr-01,1221007
30-Apr-01,987071
01-May-01,1308692
02-May-01,1373938
03-May-01,1363857
04-May-01,1168670
05-May-01,1031042
06-May-01,1377994
07-May-01,1419566
08-May-01,1438037
09-May-01,1413542
10-May-01,1413795
11-May-01,1193914
12-May-01,1055594
13-May-01,1387231
14-May-01,1394247
15-May-01,1381270
16-May-01,1097587
17-May-01,1205377
18-May-01,1112529
19-May-01,1015475
20-May-01,1356179
21-May-01,1388612
22-May-01,1374319
23-May-01,1379569
24-May-01,1377395
25-May-01,1156282
26-May-01,978163
27-May-01,1004487
28-May-01,1352540
29-May-01,1360782
30-May-01,1350801
31-May-01,1350129
01-Jun-01,1161169
02-Jun-01,1025834
03-Jun-01,1344253
04-Jun-01,1368156
05-Jun-01,1364732
06-Jun-01,1170252
07-Jun-01,1286838
08-Jun-01,1153990
09-Jun-01,1040633
10-Jun-01,1372869
11-Jun-01,1402388
12-Jun-01,1393649
13-Jun-01,1392417
14-Jun-01,1394894
15-Jun-01,1179113
16-Jun-01,1041727
17-Jun-01,1370975
18-Jun-01,1394980
19-Jun-01,1416711
20-Jun-01,1405334
21-Jun-01,1370202
22-Jun-01,1158156
23-Jun-01,1035826
24-Jun-01,1368699
25-Jun-01,1408746
26-Jun-01,1445005
27-Jun-01,1382014
28-Jun-01,1363174
29-Jun-01,1172919
30-Jun-01,1041898
01-Jul-01,1362622
02-Jul-01,1375723
03-Jul-01,1365469
04-Jul-01,1383348
05-Jul-01,1387006
06-Jul-01,1197747
07-Jul-01,1036765
08-Jul-01,1340421
09-Jul-01,1344832
10-Jul-01,1363929
11-Jul-01,1367430
12-Jul-01,1347124
13-Jul-01,1153188
14-Jul-01,1033433
15-Jul-01,1353553
16-Jul-01,1374649
17-Jul-01,1371730
18-Jul-01,1369444
19-Jul-01,1358389
20-Jul-01,1157670
21-Jul-01,1031494
22-Jul-01,1327921
23-Jul-01,1379216
24-Jul-01,1363190
25-Jul-01,1342191
26-Jul-01,1345185
27-Jul-01,1143854
28-Jul-01,1032162
29-Jul-01,1329054
30-Jul-01,1329591
31-Jul-01,1310283
01-Aug-01,1356470
02-Aug-01,1279104
03-Aug-01,1108526
04-Aug-01,1036295
05-Aug-01,1330633
06-Aug-01,1396981
07-Aug-01,1374550
08-Aug-01,1344231
09-Aug-01,1329152
10-Aug-01,1115093
11-Aug-01,994501
12-Aug-01,1291759
13-Aug-01,1344220
14-Aug-01,1350149
15-Aug-01,1312643
16-Aug-01,1281384
17-Aug-01,1133458
18-Aug-01,1024757
19-Aug-01,1361313
20-Aug-01,1393621
21-Aug-01,1409511
22-Aug-01,1408355
23-Aug-01,1361652
24-Aug-01,1150561
25-Aug-01,1022607
26-Aug-01,1352896
27-Aug-01,1391027
28-Aug-01,1422162
29-Aug-01,1417598
30-Aug-01,1407836
31-Aug-01,1204707
01-Sep-01,1093520
02-Sep-01,1418417
03-Sep-01,1412642
04-Sep-01,1407388
05-Sep-01,1427764
06-Sep-01,1431388
07-Sep-01,1252843
08-Sep-01,1132166
09-Sep-01,1433843
10-Sep-01,1441018
11-Sep-01,1431170
12-Sep-01,1412114
13-Sep-01,1409951
14-Sep-01,1248517
15-Sep-01,1089183
16-Sep-01,1417667
17-Sep-01,1458501
18-Sep-01,1444971
19-Sep-01,1437557
20-Sep-01,1419342
21-Sep-01,1220843
22-Sep-01,1100626
23-Sep-01,1422417
24-Sep-01,1454323
25-Sep-01,1453130
26-Sep-01,1495956
27-Sep-01,1470636
28-Sep-01,1267475
29-Sep-01,1132498
30-Sep-01,1410534
01-Oct-01,1446765
02-Oct-01,1166006
03-Oct-01,1420124
04-Oct-01,1414339
05-Oct-01,1224865
06-Oct-01,1103043
07-Oct-01,1430084
08-Oct-01,1470283
09-Oct-01,1467947
10-Oct-01,1465351
11-Oct-01,1503164
12-Oct-01,1239916
13-Oct-01,1113895
14-Oct-01,1440744
15-Oct-01,1472586
16-Oct-01,1496216
17-Oct-01,1503727
18-Oct-01,1503030
19-Oct-01,1290191
20-Oct-01,1186111
21-Oct-01,1496696
22-Oct-01,1537818
23-Oct-01,1542153
24-Oct-01,1522727
25-Oct-01,1507486
26-Oct-01,1307613
27-Oct-01,1184794
28-Oct-01,1503872
29-Oct-01,1513069
30-Oct-01,1473692
31-Oct-01,1304357
01-Nov-01,1406635
02-Nov-01,1289923
03-Nov-01,1185972
04-Nov-01,1487531
05-Nov-01,1590616
06-Nov-01,1644078
07-Nov-01,1582215
08-Nov-01,1607088
09-Nov-01,1381292
10-Nov-01,1236893
11-Nov-01,1549321
12-Nov-01,1562327
13-Nov-01,1555476
14-Nov-01,1538762
15-Nov-01,1545200
16-Nov-01,1355409
17-Nov-01,1223183
18-Nov-01,1554077
19-Nov-01,1574127
20-Nov-01,1552688
21-Nov-01,1549038
22-Nov-01,1532297
23-Nov-01,1352926
24-Nov-01,1293234
25-Nov-01,1595880
26-Nov-01,1596754
27-Nov-01,1586364
28-Nov-01,1610391
29-Nov-01,1589503
30-Nov-01,1389393
01-Dec-01,1296703
02-Dec-01,1613942
03-Dec-01,1595897
04-Dec-01,1590478
05-Dec-01,1587863
06-Dec-01,1613058
07-Dec-01,1386957
08-Dec-01,1248596
09-Dec-01,1541044
10-Dec-01,1570032
11-Dec-01,1573964
12-Dec-01,1555982
13-Dec-01,1546310
14-Dec-01,1344009
15-Dec-01,1246977
16-Dec-01,1538746
17-Dec-01,1563725
18-Dec-01,1556740
19-Dec-01,1532271
20-Dec-01,1460117
21-Dec-01,1308964
22-Dec-01,1228461
23-Dec-01,1170872
24-Dec-01,1112218
25-Dec-01,1121348
26-Dec-01,1284012
27-Dec-01,1307123
28-Dec-01,1259539
29-Dec-01,1143972
30-Dec-01,1143628
31-Dec-01,1084845
01-Jan-02,1387485
02-Jan-02,1521710
03-Jan-02,1513063
04-Jan-02,1362675
05-Jan-02,1208662
06-Jan-02,1536815
07-Jan-02,1565988
08-Jan-02,1562025
09-Jan-02,1570369
10-Jan-02,1554279
11-Jan-02,1358927
12-Jan-02,1225003
13-Jan-02,1551915
14-Jan-02,1595067
15-Jan-02,1578643
16-Jan-02,1546657
17-Jan-02,1548739
18-Jan-02,1361944
19-Jan-02,1221163
20-Jan-02,1547131
21-Jan-02,1564899
22-Jan-02,1557959
23-Jan-02,1565975
24-Jan-02,1598423
25-Jan-02,1415792
26-Jan-02,1276040
27-Jan-02,1512193
28-Jan-02,1531082
29-Jan-02,1554850
30-Jan-02,1588403
31-Jan-02,1607502
01-Feb-02,1360954
02-Feb-02,1223100
03-Feb-02,1479380
04-Feb-02,1534572
05-Feb-02,1570655
06-Feb-02,1569106
07-Feb-02,1505015
08-Feb-02,1298551
09-Feb-02,1178361
10-Feb-02,1488075
11-Feb-02,1522788
12-Feb-02,1540900
13-Feb-02,1556175
14-Feb-02,1538321
15-Feb-02,1332126
16-Feb-02,1226905
17-Feb-02,1557064
18-Feb-02,1556608
19-Feb-02,1552785
20-Feb-02,1568564
21-Feb-02,1606220
22-Feb-02,1369685
23-Feb-02,1193025
24-Feb-02,1501975
25-Feb-02,1556897
26-Feb-02,1579923
27-Feb-02,1516196
28-Feb-02,1500387
01-Mar-02,1379638
02-Mar-02,1267161
03-Mar-02,1512186
04-Mar-02,1546856
05-Mar-02,1527165
06-Mar-02,1573962
07-Mar-02,1490886
08-Mar-02,1287065
09-Mar-02,1183139
10-Mar-02,1479598
11-Mar-02,1530230
12-Mar-02,1566624
13-Mar-02,1578672
14-Mar-02,1510731
15-Mar-02,1275165
16-Mar-02,1163429
17-Mar-02,1499761
18-Mar-02,1514295
19-Mar-02,1502099
20-Mar-02,1492753
21-Mar-02,1236420
22-Mar-02,1209172
23-Mar-02,1089695
24-Mar-02,1113068
25-Mar-02,1455518
26-Mar-02,1531371
27-Mar-02,1496915
28-Mar-02,1461568
29-Mar-02,1287452
30-Mar-02,1121680
31-Mar-02,1427344
01-Apr-02,1468938
02-Apr-02,1485768
03-Apr-02,1491453
04-Apr-02,1468054
05-Apr-02,1279879
06-Apr-02,1153210
07-Apr-02,1460355
08-Apr-02,1476500
09-Apr-02,1475975
10-Apr-02,1479130
11-Apr-02,1456327
12-Apr-02,1242039
13-Apr-02,1118521
14-Apr-02,1444746
15-Apr-02,1481250
16-Apr-02,1467643
17-Apr-02,1460468
18-Apr-02,1435995
19-Apr-02,1271301
20-Apr-02,1108241
21-Apr-02,1445644
22-Apr-02,1489140
23-Apr-02,1421693
24-Apr-02,1417542
25-Apr-02,1401574
26-Apr-02,1195453
27-Apr-02,1061284
28-Apr-02,1401219
29-Apr-02,1419595
30-Apr-02,1379741
01-May-02,1039282
02-May-02,1193015
03-May-02,1116028
04-May-02,1026556
05-May-02,1348810
06-May-02,1382455
07-May-02,1379848
08-May-02,1369766
09-May-02,1347780
10-May-02,1132725
11-May-02,960323
12-May-02,982229
13-May-02,1320795
14-May-02,1367494
15-May-02,1381196
16-May-02,1367015
17-May-02,1195200
18-May-02,1060661
19-May-02,1355046
20-May-02,1370287
21-May-02,1371655
22-May-02,1170876
23-May-02,1255969
24-May-02,1132647
25-May-02,1048890
26-May-02,1372378
27-May-02,1395957
28-May-02,1429981
29-May-02,1408544
30-May-02,1403012
31-May-02,1200332
01-Jun-02,1057412
02-Jun-02,1370677
03-Jun-02,1390456
04-Jun-02,1396518
05-Jun-02,1394439
06-Jun-02,1359964
07-Jun-02,1175821
08-Jun-02,1043357
09-Jun-02,1345946
10-Jun-02,1380454
11-Jun-02,1371860
12-Jun-02,1370164
13-Jun-02,1347792
14-Jun-02,1143840
15-Jun-02,1032297
16-Jun-02,1332666
17-Jun-02,1368390
18-Jun-02,1374526
19-Jun-02,1369256
20-Jun-02,1345038
21-Jun-02,1147061
22-Jun-02,1057424
23-Jun-02,1374057
24-Jun-02,1365698
25-Jun-02,1381483
26-Jun-02,1375400
27-Jun-02,1375949
28-Jun-02,1172452
29-Jun-02,1037181
30-Jun-02,1335126
01-Jul-02,1377095
02-Jul-02,1396904
03-Jul-02,1406657
04-Jul-02,1361406
05-Jul-02,1139073
06-Jul-02,1038973
07-Jul-02,1327968
08-Jul-02,1371560
09-Jul-02,1368986
10-Jul-02,1368570
11-Jul-02,1356566
12-Jul-02,1156213
13-Jul-02,1027483
14-Jul-02,1315848
15-Jul-02,1344159
16-Jul-02,1358980
17-Jul-02,1362895
18-Jul-02,1338334
19-Jul-02,1127672
20-Jul-02,1028924
21-Jul-02,1325197
22-Jul-02,1335339
23-Jul-02,1326030
24-Jul-02,1323497
25-Jul-02,1316704
26-Jul-02,1150529
27-Jul-02,1037145
28-Jul-02,1320799
29-Jul-02,1359968
30-Jul-02,1350174
31-Jul-02,1350324
01-Aug-02,1333760
02-Aug-02,1124728
03-Aug-02,1043613
04-Aug-02,1340458
05-Aug-02,1346480
06-Aug-02,1331709
07-Aug-02,1357965
08-Aug-02,1333132
09-Aug-02,1140949
10-Aug-02,1044853
11-Aug-02,1330325
12-Aug-02,1384928
13-Aug-02,1373523
14-Aug-02,1362986
15-Aug-02,1311081
16-Aug-02,1134092
17-Aug-02,1029330
18-Aug-02,1327638
19-Aug-02,1373681
20-Aug-02,1372734
21-Aug-02,1359981
22-Aug-02,1357194
23-Aug-02,1159718
24-Aug-02,1041902
25-Aug-02,1335719
26-Aug-02,1372042
27-Aug-02,1376960
28-Aug-02,1396034
29-Aug-02,1381959
30-Aug-02,1141976
31-Aug-02,1035062
01-Sep-02,1378601
02-Sep-02,1397767
03-Sep-02,1411611
04-Sep-02,1405251
05-Sep-02,1372537
06-Sep-02,1187298
07-Sep-02,1069753
08-Sep-02,1361448
09-Sep-02,1383080
10-Sep-02,1417744
11-Sep-02,1404879
12-Sep-02,1412317
13-Sep-02,1191466
14-Sep-02,1053124
15-Sep-02,1381548
16-Sep-02,1425674
17-Sep-02,1429114
18-Sep-02,1424459
19-Sep-02,1401540
20-Sep-02,1191899
21-Sep-02,1094284
22-Sep-02,1422009
23-Sep-02,1471081
24-Sep-02,1451544
25-Sep-02,1454641
26-Sep-02,1409299
27-Sep-02,1191185
28-Sep-02,1089235
29-Sep-02,1407637
30-Sep-02,1478299
01-Oct-02,1519195
02-Oct-02,1485264
03-Oct-02,1154821
04-Oct-02,1161638
05-Oct-02,1174852
06-Oct-02,1414256
07-Oct-02,1440980
08-Oct-02,1440327
09-Oct-02,1439424
10-Oct-02,1417351
11-Oct-02,1226380
12-Oct-02,1105842
13-Oct-02,1413777
14-Oct-02,1453849
15-Oct-02,1469846
16-Oct-02,1498139
17-Oct-02,1476065
18-Oct-02,1234372
19-Oct-02,1147121
20-Oct-02,1436857
21-Oct-02,1494942
22-Oct-02,1489296
23-Oct-02,1478053
24-Oct-02,1463531
25-Oct-02,1238846
26-Oct-02,1189707
27-Oct-02,1465633
28-Oct-02,1502184
29-Oct-02,1501541
30-Oct-02,1502476
31-Oct-02,1412312
01-Nov-02,1185358
02-Nov-02,1125927
03-Nov-02,1432528
04-Nov-02,1460014
05-Nov-02,1470052
06-Nov-02,1472647
07-Nov-02,1449553
08-Nov-02,1248113
09-Nov-02,1183415
10-Nov-02,1512689
11-Nov-02,1522361
12-Nov-02,1503890
13-Nov-02,1488781
14-Nov-02,1486285
15-Nov-02,1291456
16-Nov-02,1200314
17-Nov-02,1462723
18-Nov-02,1530989
19-Nov-02,1556107
20-Nov-02,1589213
21-Nov-02,1497149
22-Nov-02,1309211
23-Nov-02,1213422
24-Nov-02,1492927
25-Nov-02,1533479
26-Nov-02,1552539
27-Nov-02,1545713
28-Nov-02,1487041
29-Nov-02,1273223
30-Nov-02,1179206
01-Dec-02,1484515
02-Dec-02,1538974
03-Dec-02,1540920
04-Dec-02,1535686
05-Dec-02,1476889
06-Dec-02,1257799
07-Dec-02,1166470
08-Dec-02,1481307
09-Dec-02,1518484
10-Dec-02,1513667
11-Dec-02,1511441
12-Dec-02,1470456
13-Dec-02,1295716
14-Dec-02,1184095
15-Dec-02,1445881
16-Dec-02,1468185
17-Dec-02,1467702
18-Dec-02,1426311
19-Dec-02,1362422
20-Dec-02,1258846
21-Dec-02,1132019
22-Dec-02,1299375
23-Dec-02,1228549
24-Dec-02,1088368
25-Dec-02,1001738
26-Dec-02,1004611
27-Dec-02,1096618
28-Dec-02,1046153
29-Dec-02,1195661
30-Dec-02,1199994
31-Dec-02,1117950
01-Jan-03,1023008
02-Jan-03,1157440
03-Jan-03,1175888
04-Jan-03,1132951
05-Jan-03,1327726
06-Jan-03,1339012
07-Jan-03,1472524
08-Jan-03,1452176
09-Jan-03,1454490
10-Jan-03,1282616
11-Jan-03,1227300
12-Jan-03,1532474
13-Jan-03,1542417
14-Jan-03,1516562
15-Jan-03,1480050
16-Jan-03,1459540
17-Jan-03,1268450
18-Jan-03,1208863
19-Jan-03,1482963
20-Jan-03,1476706
21-Jan-03,1461541
22-Jan-03,1481303
23-Jan-03,1487159
24-Jan-03,1248995
25-Jan-03,1121072
26-Jan-03,1411309
27-Jan-03,1464562
28-Jan-03,1453498
29-Jan-03,1439060
30-Jan-03,1404378
31-Jan-03,1240050
01-Feb-03,1232831
02-Feb-03,1530323
03-Feb-03,1512126
04-Feb-03,1503677
05-Feb-03,1496318
06-Feb-03,1441037
07-Feb-03,1252253
08-Feb-03,1170743
09-Feb-03,1460428
10-Feb-03,1518940
11-Feb-03,1533507
12-Feb-03,1486764
13-Feb-03,1453504
14-Feb-03,1259478
15-Feb-03,1190087
16-Feb-03,1464110
17-Feb-03,1490963
18-Feb-03,1493930
19-Feb-03,1469442
20-Feb-03,1433628
21-Feb-03,1226456
22-Feb-03,1162315
23-Feb-03,1361996
24-Feb-03,1368534
25-Feb-03,1401963
26-Feb-03,1467706
27-Feb-03,1409309
28-Feb-03,1194080
01-Mar-03,1099912
02-Mar-03,1407495
03-Mar-03,1426346
04-Mar-03,1424256
05-Mar-03,1431489
06-Mar-03,1403009
07-Mar-03,1194469
08-Mar-03,1115977
09-Mar-03,1403944
10-Mar-03,1444569
11-Mar-03,1410705
12-Mar-03,1422374
13-Mar-03,1341111
14-Mar-03,1122291
15-Mar-03,1068155
16-Mar-03,1325976
17-Mar-03,1400808
18-Mar-03,1369099
19-Mar-03,1355642
20-Mar-03,1303119
21-Mar-03,1127147
22-Mar-03,1128232
23-Mar-03,1433410
24-Mar-03,1422138
25-Mar-03,1411511
26-Mar-03,1386780
27-Mar-03,1328888
28-Mar-03,1152351
29-Mar-03,1010775
30-Mar-03,1321504
31-Mar-03,1347835
01-Apr-03,1325196
02-Apr-03,1302830
03-Apr-03,1240533
04-Apr-03,1062809
05-Apr-03,971873
06-Apr-03,1233208
07-Apr-03,1252386
08-Apr-03,1257476
09-Apr-03,1189155
10-Apr-03,928518
11-Apr-03,943643
12-Apr-03,845494
13-Apr-03,858777
14-Apr-03,1146941
15-Apr-03,1199889
16-Apr-03,1249562
17-Apr-03,1257719
18-Apr-03,1083805
19-Apr-03,948424
20-Apr-03,1222887
21-Apr-03,1261272
22-Apr-03,1274798
23-Apr-03,1280319
24-Apr-03,1231712
25-Apr-03,1062367
26-Apr-03,965361
27-Apr-03,1255646
28-Apr-03,1311728
29-Apr-03,1306260
30-Apr-03,1250936
01-May-03,920705
02-May-03,962379
03-May-03,931464
04-May-03,1245481
05-May-03,1323787
06-May-03,1368454
07-May-03,1280500
08-May-03,1265820
09-May-03,1058024
10-May-03,945066
11-May-03,1267443
12-May-03,1303171
13-May-03,1297430
14-May-03,1307414
15-May-03,1282624
16-May-03,1061715
17-May-03,950757
18-May-03,1230892
19-May-03,1241154
20-May-03,1219959
21-May-03,947786
22-May-03,1065048
23-May-03,989539
24-May-03,930668
25-May-03,1234324
26-May-03,1302180
27-May-03,1277803
28-May-03,1299730
29-May-03,1222922
30-May-03,998746
31-May-03,857831
01-Jun-03,859189
02-Jun-03,1184002
03-Jun-03,1261864
04-Jun-03,1266681
05-Jun-03,1232760
06-Jun-03,1075123
07-Jun-03,958951
08-Jun-03,1237935
09-Jun-03,1275434
10-Jun-03,1260646
11-Jun-03,1096951
12-Jun-03,1168171
13-Jun-03,1044476
14-Jun-03,931073
15-Jun-03,1254181
16-Jun-03,1264289
17-Jun-03,1246735
18-Jun-03,1277632
19-Jun-03,1262241
20-Jun-03,1040654
21-Jun-03,935348
22-Jun-03,1228305
23-Jun-03,1290684
24-Jun-03,1292621
25-Jun-03,1270344
26-Jun-03,1232479
27-Jun-03,1057100
28-Jun-03,944841
29-Jun-03,1235873
30-Jun-03,1286143
01-Jul-03,1292686
02-Jul-03,1289013
03-Jul-03,1267980
04-Jul-03,1049428
05-Jul-03,931291
06-Jul-03,1236441
07-Jul-03,1256721
08-Jul-03,1245930
09-Jul-03,1247403
10-Jul-03,1228661
11-Jul-03,1026656
12-Jul-03,939054
13-Jul-03,1204693
14-Jul-03,1258501
15-Jul-03,1261775
16-Jul-03,1240481
17-Jul-03,1232130
18-Jul-03,1040918
19-Jul-03,914894
20-Jul-03,1198022
21-Jul-03,1210124
22-Jul-03,1245530
23-Jul-03,1260839
24-Jul-03,1190668
25-Jul-03,1011489
26-Jul-03,891736
27-Jul-03,1168326
28-Jul-03,1198832
29-Jul-03,1194343
30-Jul-03,1219613
31-Jul-03,1154373
01-Aug-03,998400
02-Aug-03,933402
03-Aug-03,1177992
04-Aug-03,1186373
05-Aug-03,1185564
06-Aug-03,1203177
07-Aug-03,1187351
08-Aug-03,1034774
09-Aug-03,946951
10-Aug-03,1231653
11-Aug-03,1247544
12-Aug-03,1243871
13-Aug-03,1246080
14-Aug-03,1193004
15-Aug-03,1015668
16-Aug-03,943284
17-Aug-03,1222828
18-Aug-03,1253320
19-Aug-03,1258345
20-Aug-03,1284943
21-Aug-03,1263715
22-Aug-03,1045708
23-Aug-03,925269
24-Aug-03,1241280
25-Aug-03,1290736
26-Aug-03,1284970
27-Aug-03,1280007
28-Aug-03,1266286
29-Aug-03,1060522
30-Aug-03,950066
31-Aug-03,1227868
01-Sep-03,1323628
02-Sep-03,1326276
03-Sep-03,1342513
04-Sep-03,1321239
05-Sep-03,1128599
06-Sep-03,987978
07-Sep-03,1261548
08-Sep-03,1310787
09-Sep-03,1315366
10-Sep-03,1325118
11-Sep-03,1293025
12-Sep-03,1089142
13-Sep-03,1004405
14-Sep-03,1324966
15-Sep-03,1354875
16-Sep-03,1342772
17-Sep-03,1348821
18-Sep-03,1307085
19-Sep-03,1101710
20-Sep-03,997391
21-Sep-03,1295343
22-Sep-03,1336313
23-Sep-03,1345656
24-Sep-03,1335843
25-Sep-03,1293193
26-Sep-03,1086897
27-Sep-03,985700
28-Sep-03,1312489
29-Sep-03,1364614
30-Sep-03,1350531
01-Oct-03,1383140
02-Oct-03,1329297
03-Oct-03,1119367
04-Oct-03,1112153
05-Oct-03,1339264
06-Oct-03,1372118
07-Oct-03,1384593
08-Oct-03,1372441
09-Oct-03,1335763
10-Oct-03,1171342
11-Oct-03,1067938
12-Oct-03,1363773
13-Oct-03,1385642
14-Oct-03,1418855
15-Oct-03,1431113
16-Oct-03,1416815
17-Oct-03,1198882
18-Oct-03,1083211
19-Oct-03,1365804
20-Oct-03,1403977
21-Oct-03,1423740
22-Oct-03,1437869
23-Oct-03,1392093
24-Oct-03,1189870
25-Oct-03,1094671
26-Oct-03,1388075
27-Oct-03,1405280
28-Oct-03,1402089
29-Oct-03,1401194
30-Oct-03,1352987
31-Oct-03,1165282
01-Nov-03,1102268
02-Nov-03,1410772
03-Nov-03,1428589
04-Nov-03,1452537
05-Nov-03,1433442
06-Nov-03,1402108
07-Nov-03,1225665
08-Nov-03,1109036
09-Nov-03,1443228
10-Nov-03,1457062
11-Nov-03,1451407
12-Nov-03,1459823
13-Nov-03,1407471
14-Nov-03,1224420
15-Nov-03,1110633
16-Nov-03,1424274
17-Nov-03,1444361
18-Nov-03,1492621
19-Nov-03,1467347
20-Nov-03,1434758
21-Nov-03,1206867
22-Nov-03,1136381
23-Nov-03,1494114
24-Nov-03,1514930
25-Nov-03,1477067
26-Nov-03,1490566
27-Nov-03,1459225
28-Nov-03,1262938
29-Nov-03,1153324
30-Nov-03,1441539
01-Dec-03,1492931
02-Dec-03,1488429
03-Dec-03,1491896
04-Dec-03,1464913
05-Dec-03,1272449
06-Dec-03,1157042
07-Dec-03,1452113
08-Dec-03,1481230
09-Dec-03,1483457
10-Dec-03,1489771
11-Dec-03,1460927
12-Dec-03,1257700
13-Dec-03,1161267
14-Dec-03,1479009
15-Dec-03,1507240
16-Dec-03,1502486
17-Dec-03,1508180
18-Dec-03,1473946
19-Dec-03,1322800
20-Dec-03,1252070
21-Dec-03,1433617
22-Dec-03,1399796
23-Dec-03,1324279
24-Dec-03,1129571
25-Dec-03,1099636
26-Dec-03,1105300
27-Dec-03,1072946
28-Dec-03,1210416
29-Dec-03,1208436
30-Dec-03,1193365
31-Dec-03,1103958
01-Jan-04,1059064
02-Jan-04,1157510
03-Jan-04,1132128
04-Jan-04,1340157
05-Jan-04,1456676
06-Jan-04,1433989
07-Jan-04,1492152
08-Jan-04,1488424
09-Jan-04,1383117
10-Jan-04,1242543
11-Jan-04,1489144
12-Jan-04,1553502
13-Jan-04,1582910
14-Jan-04,1525170
15-Jan-04,1497653
16-Jan-04,1328304
17-Jan-04,1206478
18-Jan-04,1434957
19-Jan-04,1485514
20-Jan-04,1490941
21-Jan-04,1498987
22-Jan-04,1469683
23-Jan-04,1299298
24-Jan-04,1181334
25-Jan-04,1435110
26-Jan-04,1519648
27-Jan-04,1596755
28-Jan-04,1589965
29-Jan-04,1494146
30-Jan-04,1327477
31-Jan-04,1201382
01-Feb-04,1531028
02-Feb-04,1608044
03-Feb-04,1587924
04-Feb-04,1522378
05-Feb-04,1510818
06-Feb-04,1292580
07-Feb-04,1180485
08-Feb-04,1510587
09-Feb-04,1555533
10-Feb-04,1573128
11-Feb-04,1586353
12-Feb-04,1551921
13-Feb-04,1331267
14-Feb-04,1218297
15-Feb-04,1465854
16-Feb-04,1504407
17-Feb-04,1541890
18-Feb-04,1528944
19-Feb-04,1508920
20-Feb-04,1317941
21-Feb-04,1189366
22-Feb-04,1490201
23-Feb-04,1523968
24-Feb-04,1489971
25-Feb-04,1482637
26-Feb-04,1452517
27-Feb-04,1277365
28-Feb-04,1190392
29-Feb-04,1522935
01-Mar-04,1572941
02-Mar-04,1542322
03-Mar-04,1548471
04-Mar-04,1512012
05-Mar-04,1313457
06-Mar-04,1214959
07-Mar-04,1529930
08-Mar-04,1567691
09-Mar-04,1548099
10-Mar-04,1579825
11-Mar-04,1509663
12-Mar-04,1262023
13-Mar-04,1154361
14-Mar-04,1464214
15-Mar-04,1495822
16-Mar-04,1466517
17-Mar-04,1423788
18-Mar-04,1369917
19-Mar-04,1177634
20-Mar-04,1068796
21-Mar-04,1388780
22-Mar-04,1382704
23-Mar-04,1367540
24-Mar-04,1366278
25-Mar-04,1348270
26-Mar-04,1139545
27-Mar-04,1003504
28-Mar-04,1339689
29-Mar-04,1332502
30-Mar-04,1339130
31-Mar-04,1407150
01-Apr-04,1072995
02-Apr-04,1098690
03-Apr-04,1004829
04-Apr-04,1023323
05-Apr-04,1301109
06-Apr-04,1344141
07-Apr-04,1368704
08-Apr-04,1366421
09-Apr-04,1170747
10-Apr-04,1087948
11-Apr-04,1398845
12-Apr-04,1408388
13-Apr-04,1411352
14-Apr-04,1397234
15-Apr-04,1370495
16-Apr-04,1141534
17-Apr-04,1022493
18-Apr-04,1305943
19-Apr-04,1355630
20-Apr-04,1391244
21-Apr-04,1351170
22-Apr-04,1297588
23-Apr-04,1092981
24-Apr-04,1002144
25-Apr-04,1336706
26-Apr-04,1346376
27-Apr-04,1327663
28-Apr-04,1322409
29-Apr-04,1335540
30-Apr-04,1013001
01-May-04,1017064
02-May-04,1347818
03-May-04,1378034
04-May-04,1374513
05-May-04,1456733
06-May-04,1385564
07-May-04,1152424
08-May-04,1035970
09-May-04,1359764
10-May-04,1379024
11-May-04,1396356
12-May-04,1080690
13-May-04,1232550
14-May-04,1169056
15-May-04,1080617
16-May-04,1341126
17-May-04,1383559
18-May-04,1423233
19-May-04,1388756
20-May-04,1322992
21-May-04,1086341
22-May-04,948055
23-May-04,967417
24-May-04,1290106
25-May-04,1352888
26-May-04,1350865
27-May-04,1311779
28-May-04,1100128
29-May-04,1032625
30-May-04,1340727
31-May-04,1338839
01-Jun-04,1343160
02-Jun-04,1147130
03-Jun-04,1194534
04-Jun-04,1066010
05-Jun-04,995456
06-Jun-04,1323159
07-Jun-04,1338739
08-Jun-04,1352800
09-Jun-04,1367781
10-Jun-04,1361597
11-Jun-04,1150970
12-Jun-04,1021921
13-Jun-04,1286138
14-Jun-04,1310586
15-Jun-04,1318115
16-Jun-04,1342727
17-Jun-04,1314123
18-Jun-04,1135224
19-Jun-04,1018521
20-Jun-04,1304336
21-Jun-04,1316852
22-Jun-04,1306845
23-Jun-04,1316453
24-Jun-04,1311649
25-Jun-04,1115147
26-Jun-04,1000740
27-Jun-04,1318584
28-Jun-04,1360526
29-Jun-04,1359392
30-Jun-04,1361389
01-Jul-04,1359065
02-Jul-04,1158770
03-Jul-04,1048599
04-Jul-04,1336754
05-Jul-04,1348467
06-Jul-04,1330685
07-Jul-04,1349063
08-Jul-04,1363083
09-Jul-04,1163621
10-Jul-04,1068708
11-Jul-04,1368675
12-Jul-04,1373338
13-Jul-04,1382054
14-Jul-04,1375450
15-Jul-04,1319996
16-Jul-04,1133043
17-Jul-04,976863
18-Jul-04,1274232
19-Jul-04,1332723
20-Jul-04,1355323
21-Jul-04,1369633
22-Jul-04,1323184
23-Jul-04,1143915
24-Jul-04,1005870
25-Jul-04,1285964
26-Jul-04,1300817
27-Jul-04,1326622
28-Jul-04,1311109
29-Jul-04,1259098
30-Jul-04,1078431
31-Jul-04,982020
01-Aug-04,1266542
02-Aug-04,1276166
03-Aug-04,1278707
04-Aug-04,1286632
05-Aug-04,1273305
06-Aug-04,1082024
07-Aug-04,1006016
08-Aug-04,1271574
09-Aug-04,1295746
10-Aug-04,1322558
11-Aug-04,1325653
12-Aug-04,1279641
13-Aug-04,1107124
14-Aug-04,1029772
15-Aug-04,1305101
16-Aug-04,1359864
17-Aug-04,1364808
18-Aug-04,1324942
19-Aug-04,1304179
20-Aug-04,1120557
21-Aug-04,1042944
22-Aug-04,1374380
23-Aug-04,1379602
24-Aug-04,1370050
25-Aug-04,1358793
26-Aug-04,1362289
27-Aug-04,1146368
28-Aug-04,1049120
29-Aug-04,1319589
30-Aug-04,1337493
31-Aug-04,1361754
01-Sep-04,1361137
02-Sep-04,1356991
03-Sep-04,1155672
04-Sep-04,1034722
05-Sep-04,1318150
06-Sep-04,1410367
07-Sep-04,1446828
08-Sep-04,1419902
09-Sep-04,1378799
10-Sep-04,1145760
11-Sep-04,1057131
12-Sep-04,1374581
13-Sep-04,1421785
14-Sep-04,1441247
15-Sep-04,1429842
16-Sep-04,1393094
17-Sep-04,1199913
18-Sep-04,1057407
19-Sep-04,1364193
20-Sep-04,1404414
21-Sep-04,1396793
22-Sep-04,1394063
23-Sep-04,1389352
24-Sep-04,1180911
25-Sep-04,1073684
26-Sep-04,1427133
27-Sep-04,1478074
28-Sep-04,1420268
29-Sep-04,1423187
30-Sep-04,1404125
01-Oct-04,1217309
02-Oct-04,1085719
03-Oct-04,1376589
04-Oct-04,1422977
05-Oct-04,1412624
06-Oct-04,1420292
07-Oct-04,1414983
08-Oct-04,1196669
09-Oct-04,1069793
10-Oct-04,1365847
11-Oct-04,1418808
12-Oct-04,1430781
13-Oct-04,1447055
14-Oct-04,1436193
15-Oct-04,1244693
16-Oct-04,1134044
17-Oct-04,1413179
18-Oct-04,1470195
19-Oct-04,1483907
20-Oct-04,1511449
21-Oct-04,1496917
22-Oct-04,1260006
23-Oct-04,1209650
24-Oct-04,1448483
25-Oct-04,1477453
26-Oct-04,1481703
27-Oct-04,1471062
28-Oct-04,1437667
29-Oct-04,1247673
30-Oct-04,1121858
31-Oct-04,1210056
01-Nov-04,1457137
02-Nov-04,1483248
03-Nov-04,1507103
04-Nov-04,1504399
05-Nov-04,1260005
06-Nov-04,1150188
07-Nov-04,1456166
08-Nov-04,1489756
09-Nov-04,1498071
10-Nov-04,1502151
11-Nov-04,1525368
12-Nov-04,1262873
13-Nov-04,1132137
14-Nov-04,1449354
15-Nov-04,1521682
16-Nov-04,1520794
17-Nov-04,1523578
18-Nov-04,1498577
19-Nov-04,1295639
20-Nov-04,1171378
21-Nov-04,1524071
22-Nov-04,1592535
23-Nov-04,1583753
24-Nov-04,1570470
25-Nov-04,1550040
26-Nov-04,1354844
27-Nov-04,1260708
28-Nov-04,1610056
29-Nov-04,1621121
30-Nov-04,1704961
01-Dec-04,1668490
02-Dec-04,1633885
03-Dec-04,1440645
04-Dec-04,1330961
05-Dec-04,1570942
06-Dec-04,1605914
07-Dec-04,1609869
08-Dec-04,1624664
09-Dec-04,1596552
10-Dec-04,1449213
11-Dec-04,1283372
12-Dec-04,1569919
13-Dec-04,1642315
14-Dec-04,1646588
15-Dec-04,1652731
16-Dec-04,1573796
17-Dec-04,1396506
18-Dec-04,1269806
19-Dec-04,1533734
20-Dec-04,1539872
21-Dec-04,1489609
22-Dec-04,1418262
23-Dec-04,1217195
24-Dec-04,1145174
25-Dec-04,1150143
26-Dec-04,1335989
27-Dec-04,1356568
28-Dec-04,1358082
29-Dec-04,1334347
30-Dec-04,1201524
31-Dec-04,1084186
01-Jan-05,1102475
02-Jan-05,1414724
03-Jan-05,1481183
04-Jan-05,1489725
05-Jan-05,1393068
06-Jan-05,1402973
07-Jan-05,1253971
08-Jan-05,1158799
09-Jan-05,1489528
10-Jan-05,1532526
11-Jan-05,1536559
12-Jan-05,1529011
13-Jan-05,1490335
14-Jan-05,1273719
15-Jan-05,1157519
16-Jan-05,1478938
17-Jan-05,1519755
18-Jan-05,1537038
19-Jan-05,1557993
20-Jan-05,1544412
21-Jan-05,1344769
22-Jan-05,1208138
23-Jan-05,1525054
24-Jan-05,1561835
25-Jan-05,1568345
26-Jan-05,1570427
27-Jan-05,1553394
28-Jan-05,1359910
29-Jan-05,1226711
30-Jan-05,1548054
31-Jan-05,1607020
01-Feb-05,1600982
02-Feb-05,1574403
03-Feb-05,1534546
04-Feb-05,1305261
05-Feb-05,1171164
06-Feb-05,1469251
07-Feb-05,1503446
08-Feb-05,1523271
09-Feb-05,1521225
10-Feb-05,1467868
11-Feb-05,1258233
12-Feb-05,1143011
13-Feb-05,1454851
14-Feb-05,1504728
15-Feb-05,1486848
16-Feb-05,1503365
17-Feb-05,1507207
18-Feb-05,1282716
19-Feb-05,1172629
20-Feb-05,1511272
21-Feb-05,1555669
22-Feb-05,1574574
23-Feb-05,1559551
24-Feb-05,1513725
25-Feb-05,1287415
26-Feb-05,1159227
27-Feb-05,1466507
28-Feb-05,1487805
01-Mar-05,1499184
02-Mar-05,1494599
03-Mar-05,1471454
04-Mar-05,1270068
05-Mar-05,1139294
06-Mar-05,1408696
07-Mar-05,1448645
08-Mar-05,1481063
09-Mar-05,1465634
10-Mar-05,1430411
11-Mar-05,1215255
12-Mar-05,1089031
13-Mar-05,1403365
14-Mar-05,1405253
15-Mar-05,1436788
16-Mar-05,1466031
17-Mar-05,1441730
18-Mar-05,1191113
19-Mar-05,1091185
20-Mar-05,1413590
21-Mar-05,1442733
22-Mar-05,1436962
23-Mar-05,1425932
24-Mar-05,1405299
25-Mar-05,1202271
26-Mar-05,1022329
27-Mar-05,1388717
28-Mar-05,1415314
29-Mar-05,1413398
30-Mar-05,1432375
31-Mar-05,1399156
01-Apr-05,1159009
02-Apr-05,1055993
03-Apr-05,1404464
04-Apr-05,1433966
05-Apr-05,1424274
06-Apr-05,1460302
07-Apr-05,1432002
08-Apr-05,1198162
09-Apr-05,1079620
10-Apr-05,1403089
11-Apr-05,1461118
12-Apr-05,1472022
13-Apr-05,1466221
14-Apr-05,1432009
15-Apr-05,1222242
16-Apr-05,1076400
17-Apr-05,1398789
18-Apr-05,1424261
19-Apr-05,1418634
20-Apr-05,1386875
21-Apr-05,1076298
22-Apr-05,1091468
23-Apr-05,967726
24-Apr-05,994222
25-Apr-05,1347544
26-Apr-05,1413109
27-Apr-05,1406294
28-Apr-05,1384622
29-Apr-05,1151228
30-Apr-05,971924
01-May-05,1351631
02-May-05,1418831
03-May-05,1431246
04-May-05,1426271
05-May-05,1388374
06-May-05,1188051
07-May-05,1050617
08-May-05,1386113
09-May-05,1420916
10-May-05,1418101
11-May-05,1416607
12-May-05,1384688
13-May-05,1182858
14-May-05,1031376
15-May-05,1356759
16-May-05,1392880
17-May-05,1405308
18-May-05,1416354
19-May-05,1392853
20-May-05,1180226
21-May-05,1051737
22-May-05,1363217
23-May-05,1405816
24-May-05,1397024
25-May-05,1414975
26-May-05,1397085
27-May-05,1172924
28-May-05,1037805
29-May-05,1372515
30-May-05,1417647
31-May-05,1357239
01-Jun-05,1053925
02-Jun-05,1204927
03-Jun-05,1124157
04-Jun-05,1028081
05-Jun-05,1366643
06-Jun-05,1407555
07-Jun-05,1395614
08-Jun-05,1401531
09-Jun-05,1359441
10-Jun-05,1141815
11-Jun-05,948911
12-Jun-05,988458
13-Jun-05,1349221
14-Jun-05,1398346
15-Jun-05,1408748
16-Jun-05,1366516
17-Jun-05,1163012
18-Jun-05,1023151
19-Jun-05,1329192
20-Jun-05,1385077
21-Jun-05,1377977
22-Jun-05,1140438
23-Jun-05,1245624
24-Jun-05,1138453
25-Jun-05,1022222
26-Jun-05,1351638
27-Jun-05,1381998
28-Jun-05,1401133
29-Jun-05,1370827
30-Jun-05,1334566
01-Jul-05,1117812
02-Jul-05,1011161
03-Jul-05,1347420
04-Jul-05,1388095
05-Jul-05,1392397
06-Jul-05,1395675
07-Jul-05,1362296
08-Jul-05,1153157
09-Jul-05,1019764
10-Jul-05,1343207
11-Jul-05,1400338
12-Jul-05,1405103
13-Jul-05,1361157
14-Jul-05,1324532
15-Jul-05,1126812
16-Jul-05,1005743
17-Jul-05,1310645
18-Jul-05,1348937
19-Jul-05,1353158
20-Jul-05,1339260
21-Jul-05,1311177
22-Jul-05,1102250
23-Jul-05,990802
24-Jul-05,1273088
25-Jul-05,1298299
26-Jul-05,1317047
27-Jul-05,1306327
28-Jul-05,1271258
29-Jul-05,1063850
30-Jul-05,951500
31-Jul-05,1248684
01-Aug-05,1292046
02-Aug-05,1298873
03-Aug-05,1296454
04-Aug-05,1279332
05-Aug-05,1122498
06-Aug-05,992586
07-Aug-05,1242697
08-Aug-05,1253604
09-Aug-05,1260706
10-Aug-05,1254476
11-Aug-05,1266164
12-Aug-05,1075950
13-Aug-05,977807
14-Aug-05,1210642
15-Aug-05,1279577
16-Aug-05,1295665
17-Aug-05,1310455
18-Aug-05,1291572
19-Aug-05,1078090
20-Aug-05,979315
21-Aug-05,1313190
22-Aug-05,1360023
23-Aug-05,1354207
24-Aug-05,1348308
25-Aug-05,1355156
26-Aug-05,1109921
27-Aug-05,980450
28-Aug-05,1297456
29-Aug-05,1323189
30-Aug-05,1341558
31-Aug-05,1364419
01-Sep-05,1355304
02-Sep-05,1162086
03-Sep-05,1054995
04-Sep-05,1367853
05-Sep-05,1377387
06-Sep-05,1377046
07-Sep-05,1380381
08-Sep-05,1381304
09-Sep-05,1158590
10-Sep-05,1041231
11-Sep-05,1356773
12-Sep-05,1389751
13-Sep-05,1376720
14-Sep-05,1375033
15-Sep-05,1363788
16-Sep-05,1153826
17-Sep-05,1034149
18-Sep-05,1348513
19-Sep-05,1383344
20-Sep-05,1376972
21-Sep-05,1378669
22-Sep-05,1357421
23-Sep-05,1142174
24-Sep-05,1035106
25-Sep-05,1360528
26-Sep-05,1398630
27-Sep-05,1395873
28-Sep-05,1403841
29-Sep-05,1368603
30-Sep-05,1177178
01-Oct-05,1041011
02-Oct-05,1058134
03-Oct-05,1377693
04-Oct-05,1423362
05-Oct-05,1436251
06-Oct-05,1408631
07-Oct-05,1194750
08-Oct-05,1068536
09-Oct-05,1408379
10-Oct-05,1433812
11-Oct-05,1436147
12-Oct-05,1430151
13-Oct-05,1410789
14-Oct-05,1206320
15-Oct-05,1077844
16-Oct-05,1423322
17-Oct-05,1461964
18-Oct-05,1461470
19-Oct-05,1463904
20-Oct-05,1449443
21-Oct-05,1231921
22-Oct-05,1095097
23-Oct-05,1423364
24-Oct-05,1455327
25-Oct-05,1461387
26-Oct-05,1456521
27-Oct-05,1430959
28-Oct-05,1208891
29-Oct-05,1086899
30-Oct-05,1270801
31-Oct-05,1216144
01-Nov-05,1438062
02-Nov-05,1463726
03-Nov-05,1439268
04-Nov-05,1224902
05-Nov-05,1099344
06-Nov-05,1435243
07-Nov-05,1489791
08-Nov-05,1482176
09-Nov-05,1487924
10-Nov-05,1465138
11-Nov-05,1248091
12-Nov-05,1136269
13-Nov-05,1483164
14-Nov-05,1540876
15-Nov-05,1534130
16-Nov-05,1541445
17-Nov-05,1510952
18-Nov-05,1272960
19-Nov-05,1136201
20-Nov-05,1490764
21-Nov-05,1539264
22-Nov-05,1558853
23-Nov-05,1548724
24-Nov-05,1526047
25-Nov-05,1286313
26-Nov-05,1158661
27-Nov-05,1494310
28-Nov-05,1544364
29-Nov-05,1533092
30-Nov-05,1530575
01-Dec-05,1483150
02-Dec-05,1281039
03-Dec-05,1144466
04-Dec-05,1479513
05-Dec-05,1558614
06-Dec-05,1570339
07-Dec-05,1546657
08-Dec-05,1511125
09-Dec-05,1275100
10-Dec-05,1145835
11-Dec-05,1495878
12-Dec-05,1557733
13-Dec-05,1531677
14-Dec-05,1527562
15-Dec-05,1505553
16-Dec-05,1286051
17-Dec-05,1182377
18-Dec-05,1499033
19-Dec-05,1514802
20-Dec-05,1486329
21-Dec-05,1425424
22-Dec-05,1313475
23-Dec-05,1082868
24-Dec-05,1012346
25-Dec-05,1010267
26-Dec-05,1204700
27-Dec-05,1215152
28-Dec-05,1226301
29-Dec-05,1201223
30-Dec-05,1079538
31-Dec-05,953331
01-Jan-06,1259040
02-Jan-06,1335540
03-Jan-06,1345656
04-Jan-06,1376762
05-Jan-06,1291005
06-Jan-06,1180141
07-Jan-06,1101025
08-Jan-06,1440999
09-Jan-06,1432347
10-Jan-06,1450078
11-Jan-06,1443262
12-Jan-06,1404023
13-Jan-06,1205167
14-Jan-06,1148298
15-Jan-06,1483046
16-Jan-06,1516902
17-Jan-06,1503348
18-Jan-06,1470638
19-Jan-06,1447159
20-Jan-06,1249123
21-Jan-06,1119720
22-Jan-06,1447471
23-Jan-06,1492557
24-Jan-06,1498170
25-Jan-06,1485240
26-Jan-06,1458829
27-Jan-06,1260315
28-Jan-06,1149078
29-Jan-06,1448409
30-Jan-06,1483796
31-Jan-06,1510080
01-Feb-06,1561036
02-Feb-06,1563931
03-Feb-06,1376721
04-Feb-06,1279303
05-Feb-06,1568573
06-Feb-06,1615956
07-Feb-06,1613923
08-Feb-06,1592182
09-Feb-06,1580680
10-Feb-06,1382599
11-Feb-06,1265545
12-Feb-06,1557846
13-Feb-06,1554763
14-Feb-06,1476441
15-Feb-06,1504947
16-Feb-06,1439670
17-Feb-06,1243074
18-Feb-06,1104886
19-Feb-06,1396160
20-Feb-06,1435276
21-Feb-06,1455613
22-Feb-06,1427983
23-Feb-06,1378306
24-Feb-06,1136261
25-Feb-06,1081781
26-Feb-06,1433136
27-Feb-06,1410035
28-Feb-06,1433037
01-Mar-06,1411761
02-Mar-06,1402017
03-Mar-06,1192640
04-Mar-06,1071924
05-Mar-06,1381087
06-Mar-06,1433363
07-Mar-06,1455267
08-Mar-06,1412055
09-Mar-06,1402373
10-Mar-06,1160525
11-Mar-06,1040299
12-Mar-06,1343109
13-Mar-06,1390483
14-Mar-06,1402127
15-Mar-06,1412901
16-Mar-06,1367417
17-Mar-06,1160746
18-Mar-06,1063262
19-Mar-06,1316918
20-Mar-06,1377630
21-Mar-06,1382103
22-Mar-06,1390461
23-Mar-06,1360887
24-Mar-06,1156892
25-Mar-06,985928
26-Mar-06,1322861
27-Mar-06,1337523
28-Mar-06,1315801
29-Mar-06,1288585
30-Mar-06,1279876
31-Mar-06,1088877
01-Apr-06,1100162
02-Apr-06,1377019
03-Apr-06,1335968
04-Apr-06,1389093
05-Apr-06,1361777
06-Apr-06,1103047
07-Apr-06,1056774
08-Apr-06,929440
09-Apr-06,1017783
10-Apr-06,1337733
11-Apr-06,1400681
12-Apr-06,1299063
13-Apr-06,1286471
14-Apr-06,1225812
15-Apr-06,1162683
16-Apr-06,1412599
17-Apr-06,1412265
18-Apr-06,1442941
19-Apr-06,1421822
20-Apr-06,1393620
21-Apr-06,1226026
22-Apr-06,1063863
23-Apr-06,1304007
24-Apr-06,1316985
25-Apr-06,1357315
26-Apr-06,1426247
27-Apr-06,1407804
28-Apr-06,1186605
29-Apr-06,1032569
30-Apr-06,1146277
01-May-06,991060
02-May-06,1326646
03-May-06,1387886
04-May-06,1362284
05-May-06,1140979
06-May-06,1040326
07-May-06,1350065
08-May-06,1356454
09-May-06,1374178
10-May-06,1379166
11-May-06,1341297
12-May-06,1097042
13-May-06,1020055
14-May-06,1329971
15-May-06,1368610
16-May-06,1335730
17-May-06,1035287
18-May-06,1168367
19-May-06,1098014
20-May-06,1017394
21-May-06,1317603
22-May-06,1374469
23-May-06,1390067
24-May-06,1370589
25-May-06,1336335
26-May-06,1123410
27-May-06,963485
28-May-06,984114
29-May-06,1295472
30-May-06,1359059
31-May-06,1378471
01-Jun-06,1248755
02-Jun-06,1058413
03-Jun-06,998750
04-Jun-06,1303211
05-Jun-06,1295946
06-Jun-06,1317499
07-Jun-06,1118714
08-Jun-06,1182402
09-Jun-06,1055931
10-Jun-06,981947
11-Jun-06,1317194
12-Jun-06,1343381
13-Jun-06,1326445
14-Jun-06,1335901
15-Jun-06,1321835
16-Jun-06,1117409
17-Jun-06,972937
18-Jun-06,1286799
19-Jun-06,1357836
20-Jun-06,1362130
21-Jun-06,1365602
22-Jun-06,1295745
23-Jun-06,1083041
24-Jun-06,969619
25-Jun-06,1230594
26-Jun-06,1275746
27-Jun-06,1350724
28-Jun-06,1355023
29-Jun-06,1329762
30-Jun-06,1120995
01-Jul-06,979215
02-Jul-06,1293890
03-Jul-06,1349417
04-Jul-06,1357434
05-Jul-06,1358626
06-Jul-06,1322974
07-Jul-06,1099991
08-Jul-06,978319
09-Jul-06,1267526
10-Jul-06,1333598
11-Jul-06,1310863
12-Jul-06,1269742
13-Jul-06,1283271
14-Jul-06,1055247
15-Jul-06,959737
16-Jul-06,1236608
17-Jul-06,1282396
18-Jul-06,1310262
19-Jul-06,1264763
20-Jul-06,1253271
21-Jul-06,1046849
22-Jul-06,951196
23-Jul-06,1255656
24-Jul-06,1296499
25-Jul-06,1313477
26-Jul-06,1322855
27-Jul-06,1320471
28-Jul-06,1079530
29-Jul-06,947091
30-Jul-06,1216655
31-Jul-06,1274381
01-Aug-06,1284156
02-Aug-06,1270342
03-Aug-06,1255415
04-Aug-06,1061564
05-Aug-06,968945
06-Aug-06,1215112
07-Aug-06,1193616
08-Aug-06,1230281
09-Aug-06,1251822
10-Aug-06,1224167
11-Aug-06,1033838
12-Aug-06,946982
13-Aug-06,1228630
14-Aug-06,1267865
15-Aug-06,1254541
16-Aug-06,1285580
17-Aug-06,1270759
18-Aug-06,1078387
19-Aug-06,987885
20-Aug-06,1309557
21-Aug-06,1368813
22-Aug-06,1317194
23-Aug-06,1313032
24-Aug-06,1310020
25-Aug-06,1083249
26-Aug-06,929908
27-Aug-06,1251737
28-Aug-06,1308266
29-Aug-06,1330593
30-Aug-06,1322466
31-Aug-06,1306459
01-Sep-06,1112353
02-Sep-06,1017261
03-Sep-06,1336017
04-Sep-06,1369686
05-Sep-06,1363175
06-Sep-06,1350646
07-Sep-06,1312523
08-Sep-06,1117992
09-Sep-06,1010768
10-Sep-06,1340486
11-Sep-06,1381021
12-Sep-06,1367192
13-Sep-06,1365687
14-Sep-06,1301720
15-Sep-06,1095139
16-Sep-06,1009358
17-Sep-06,1339977
18-Sep-06,1378384
19-Sep-06,1355244
20-Sep-06,1367502
21-Sep-06,1344290
22-Sep-06,1089958
23-Sep-06,1026882
24-Sep-06,1329105
25-Sep-06,1358479
26-Sep-06,1382162
27-Sep-06,1353636
28-Sep-06,1330103
29-Sep-06,1115118
30-Sep-06,1006046
01-Oct-06,1329368
02-Oct-06,1343646
03-Oct-06,1058809
04-Oct-06,1285699
05-Oct-06,1303803
06-Oct-06,1118305
07-Oct-06,1028315
08-Oct-06,1363418
09-Oct-06,1362879
10-Oct-06,1383154
11-Oct-06,1396480
12-Oct-06,1378704
13-Oct-06,1129603
14-Oct-06,1043406
15-Oct-06,1370282
16-Oct-06,1414627
17-Oct-06,1389726
18-Oct-06,1380574
19-Oct-06,1376527
20-Oct-06,1178638
21-Oct-06,1059836
22-Oct-06,1393256
23-Oct-06,1440976
24-Oct-06,1448335
25-Oct-06,1408551
26-Oct-06,1400562
27-Oct-06,1172832
28-Oct-06,1099149
29-Oct-06,1421601
30-Oct-06,1435227
31-Oct-06,1357682
01-Nov-06,1206019
02-Nov-06,1278519
03-Nov-06,1161762
04-Nov-06,1082763
05-Nov-06,1391304
06-Nov-06,1415717
07-Nov-06,1394457
08-Nov-06,1431808
09-Nov-06,1441954
10-Nov-06,1204674
11-Nov-06,1090783
12-Nov-06,1432890
13-Nov-06,1473886
14-Nov-06,1475271
15-Nov-06,1502785
16-Nov-06,1477841
17-Nov-06,1227785
18-Nov-06,1129156
19-Nov-06,1450423
20-Nov-06,1488886
21-Nov-06,1470544
22-Nov-06,1459552
23-Nov-06,1439475
24-Nov-06,1235447
25-Nov-06,1080652
26-Nov-06,1422553
27-Nov-06,1484014
28-Nov-06,1497480
29-Nov-06,1452162
30-Nov-06,1449970
01-Dec-06,1248652
02-Dec-06,1151250
03-Dec-06,1481076
04-Dec-06,1470823
05-Dec-06,1503646
06-Dec-06,1501429
07-Dec-06,1519434
08-Dec-06,1305729
09-Dec-06,1158871
10-Dec-06,1508592
11-Dec-06,1519955
12-Dec-06,1564650
13-Dec-06,1557026
14-Dec-06,1475069
15-Dec-06,1223823
16-Dec-06,1131861
17-Dec-06,1437511
18-Dec-06,1460728
19-Dec-06,1441526
20-Dec-06,1381308
21-Dec-06,1319692
22-Dec-06,1141037
23-Dec-06,1034490
24-Dec-06,992805
25-Dec-06,901843
26-Dec-06,907776
27-Dec-06,1065028
28-Dec-06,1109497
29-Dec-06,1016838
30-Dec-06,937575
31-Dec-06,968345
01-Jan-07,906758
02-Jan-07,1155521
03-Jan-07,1200621
04-Jan-07,1199648
05-Jan-07,1107740
06-Jan-07,1035022
07-Jan-07,1358407
08-Jan-07,1397215
09-Jan-07,1409682
10-Jan-07,1385782
11-Jan-07,1390594
12-Jan-07,1195647
13-Jan-07,1112051
14-Jan-07,1434938
15-Jan-07,1476052
16-Jan-07,1480183
17-Jan-07,1471476
18-Jan-07,1452526
19-Jan-07,1239979
20-Jan-07,1162805
21-Jan-07,1433204
22-Jan-07,1484311
23-Jan-07,1503591
24-Jan-07,1510593
25-Jan-07,1493075
26-Jan-07,1252868
27-Jan-07,1141697
28-Jan-07,1406849
29-Jan-07,1413169
30-Jan-07,1379706
31-Jan-07,1356391
01-Feb-07,1376717
02-Feb-07,1190928
03-Feb-07,1111326
04-Feb-07,1373623
05-Feb-07,1396998
06-Feb-07,1450368
07-Feb-07,1457011
08-Feb-07,1433961
09-Feb-07,1231487
10-Feb-07,1129684
11-Feb-07,1373331
12-Feb-07,1437596
13-Feb-07,1479312
14-Feb-07,1482885
15-Feb-07,1451035
16-Feb-07,1220242
17-Feb-07,1126966
18-Feb-07,1403969
19-Feb-07,1399788
20-Feb-07,1413611
21-Feb-07,1453224
22-Feb-07,1418148
23-Feb-07,1221392
24-Feb-07,1127738
25-Feb-07,1414000
26-Feb-07,1450456
27-Feb-07,1462194
28-Feb-07,1424132
01-Mar-07,1372362
02-Mar-07,1150459
03-Mar-07,1058385
04-Mar-07,1363110
05-Mar-07,1359246
06-Mar-07,1365669
07-Mar-07,1358930
08-Mar-07,1343534
09-Mar-07,1165689
10-Mar-07,1067837
11-Mar-07,1388699
12-Mar-07,1427372
13-Mar-07,1424235
14-Mar-07,1420601
15-Mar-07,1405987
16-Mar-07,1201840
17-Mar-07,1048232
18-Mar-07,1330273
19-Mar-07,1392156
20-Mar-07,1410155
21-Mar-07,1406810
22-Mar-07,1383482
23-Mar-07,1203755
24-Mar-07,1105920
25-Mar-07,1338691
26-Mar-07,1356134
27-Mar-07,1360951
28-Mar-07,1346202
29-Mar-07,1084889
30-Mar-07,1093577
31-Mar-07,963148
01-Apr-07,1030553
02-Apr-07,1335923
03-Apr-07,1389434
04-Apr-07,1413984
05-Apr-07,1409974
06-Apr-07,1200315
07-Apr-07,1065875
08-Apr-07,1355446
09-Apr-07,1375370
10-Apr-07,1387049
11-Apr-07,1370504
12-Apr-07,1337052
13-Apr-07,1104039
14-Apr-07,1030333
15-Apr-07,1287191
16-Apr-07,1344693
17-Apr-07,1352430
18-Apr-07,1316434
19-Apr-07,1304403
20-Apr-07,1116549
21-Apr-07,1005229
22-Apr-07,1304461
23-Apr-07,1306044
24-Apr-07,1332701
25-Apr-07,1338330
26-Apr-07,1310757
27-Apr-07,1113568
28-Apr-07,1019009
29-Apr-07,1290770
30-Apr-07,1320871
01-May-07,1014324
02-May-07,1269341
03-May-07,1297044
04-May-07,1117126
05-May-07,1001471
06-May-07,1291227
07-May-07,1332921
08-May-07,1329145
09-May-07,1038006
10-May-07,1180411
11-May-07,1099070
12-May-07,998447
13-May-07,1286106
14-May-07,1312421
15-May-07,1299976
16-May-07,1306769
17-May-07,1284779
18-May-07,1088540
19-May-07,943789
20-May-07,947927
21-May-07,1266271
22-May-07,1306298
23-May-07,1322966
24-May-07,1300183
25-May-07,1088523
26-May-07,1012204
27-May-07,1305087
28-May-07,1306023
29-May-07,1315809
30-May-07,1108920
31-May-07,1188383
01-Jun-07,1043924
02-Jun-07,900507
03-Jun-07,1204142
04-Jun-07,1261535
05-Jun-07,1277550
06-Jun-07,1274329
07-Jun-07,1263300
08-Jun-07,1075410
09-Jun-07,969599
10-Jun-07,1250133
11-Jun-07,1286066
12-Jun-07,1300040
13-Jun-07,1292129
14-Jun-07,1234282
15-Jun-07,1056848
16-Jun-07,941903
17-Jun-07,1286353
18-Jun-07,1326692
19-Jun-07,1334846
20-Jun-07,1323512
21-Jun-07,1245460
22-Jun-07,1074823
23-Jun-07,955889
24-Jun-07,1256512
25-Jun-07,1259087
26-Jun-07,1234683
27-Jun-07,1277606
28-Jun-07,1267266
29-Jun-07,1051732
30-Jun-07,939386
01-Jul-07,1240380
02-Jul-07,1287104
03-Jul-07,1290350
04-Jul-07,1303509
05-Jul-07,1271158
06-Jul-07,1073656
07-Jul-07,965568
08-Jul-07,1271151
09-Jul-07,1304965
10-Jul-07,1280765
11-Jul-07,1273608
12-Jul-07,1256368
13-Jul-07,1055451
14-Jul-07,949117
15-Jul-07,1238784
16-Jul-07,1285368
17-Jul-07,1295721
18-Jul-07,1296360
19-Jul-07,1256281
20-Jul-07,1070076
21-Jul-07,978965
22-Jul-07,1273203
23-Jul-07,1293380
24-Jul-07,1294302
25-Jul-07,1315751
26-Jul-07,1297235
27-Jul-07,1099026
28-Jul-07,988385
29-Jul-07,1261871
30-Jul-07,1240000
31-Jul-07,1237609
01-Aug-07,1315648
02-Aug-07,1316708
03-Aug-07,1119861
04-Aug-07,1012159
05-Aug-07,1283076
06-Aug-07,1317226
07-Aug-07,1309135
08-Aug-07,1293437
09-Aug-07,1256141
10-Aug-07,1096402
11-Aug-07,989120
12-Aug-07,1257156
13-Aug-07,1281117
14-Aug-07,1272126
15-Aug-07,1231182
16-Aug-07,1237707
17-Aug-07,1070194
18-Aug-07,1002226
19-Aug-07,1273379
20-Aug-07,1263244
21-Aug-07,1265246
22-Aug-07,1276492
23-Aug-07,1273329
24-Aug-07,1097509
25-Aug-07,1003041
26-Aug-07,1282985
27-Aug-07,1308605
28-Aug-07,1296179
29-Aug-07,1286247
30-Aug-07,1269031
31-Aug-07,1079647
01-Sep-07,1014440
02-Sep-07,1320032
03-Sep-07,1345638
04-Sep-07,1342703
05-Sep-07,1351690
06-Sep-07,1333298
07-Sep-07,1121488
08-Sep-07,1020765
09-Sep-07,1307461
10-Sep-07,1346033
11-Sep-07,1355842
12-Sep-07,1343973
13-Sep-07,1322942
14-Sep-07,1131450
15-Sep-07,1032295
16-Sep-07,1342024
17-Sep-07,1374908
18-Sep-07,1383066
19-Sep-07,1368697
20-Sep-07,1357240
21-Sep-07,1119880
22-Sep-07,1030672
23-Sep-07,1329974
24-Sep-07,1344722
25-Sep-07,1343856
26-Sep-07,1357259
27-Sep-07,1324236
28-Sep-07,1114333
29-Sep-07,1053287
30-Sep-07,1333237
01-Oct-07,1355654
02-Oct-07,1357013
03-Oct-07,1121563
04-Oct-07,1241347
05-Oct-07,1111226
06-Oct-07,1026891
07-Oct-07,1323700
08-Oct-07,1355257
09-Oct-07,1366943
10-Oct-07,1374602
11-Oct-07,1390406
12-Oct-07,1168077
13-Oct-07,1055510
14-Oct-07,1351278
15-Oct-07,1387911
16-Oct-07,1385021
17-Oct-07,1436330
18-Oct-07,1363342
19-Oct-07,1169972
20-Oct-07,1070006
21-Oct-07,1357990
22-Oct-07,1392341
23-Oct-07,1424275
24-Oct-07,1377430
25-Oct-07,1368467
26-Oct-07,1186022
27-Oct-07,1120565
28-Oct-07,1430301
29-Oct-07,1423174
30-Oct-07,1391292
31-Oct-07,1353369
01-Nov-07,1210533
02-Nov-07,1177105
03-Nov-07,1148684
04-Nov-07,1428754
05-Nov-07,1448148
06-Nov-07,1463792
07-Nov-07,1453118
08-Nov-07,1402112
09-Nov-07,1246838
10-Nov-07,1128877
11-Nov-07,1404081
12-Nov-07,1441090
13-Nov-07,1440661
14-Nov-07,1453264
15-Nov-07,1407067
16-Nov-07,1223272
17-Nov-07,1118040
18-Nov-07,1417148
19-Nov-07,1453097
20-Nov-07,1440405
21-Nov-07,1461521
22-Nov-07,1439312
23-Nov-07,1222884
24-Nov-07,1134557
25-Nov-07,1436094
26-Nov-07,1461517
27-Nov-07,1492493
28-Nov-07,1509500
29-Nov-07,1489121
30-Nov-07,1260825
01-Dec-07,1161822
02-Dec-07,1429332
03-Dec-07,1467252
04-Dec-07,1510460
05-Dec-07,1561502
06-Dec-07,1546689
07-Dec-07,1286736
08-Dec-07,1186667
09-Dec-07,1475030
10-Dec-07,1474531
11-Dec-07,1474958
12-Dec-07,1474298
13-Dec-07,1456609
14-Dec-07,1280663
15-Dec-07,1194221
16-Dec-07,1464171
17-Dec-07,1459070
18-Dec-07,1446998
19-Dec-07,1432779
20-Dec-07,1344843
21-Dec-07,1253278
22-Dec-07,1145673
23-Dec-07,1197884
24-Dec-07,1133402
25-Dec-07,994011
26-Dec-07,988551
27-Dec-07,1163366
28-Dec-07,1092757
29-Dec-07,1029867
30-Dec-07,1146978
31-Dec-07,1065014
01-Jan-08,1083040
02-Jan-08,1338059
03-Jan-08,1379182
04-Jan-08,1273576
05-Jan-08,1181393
06-Jan-08,1405338
07-Jan-08,1527044
08-Jan-08,1549914
09-Jan-08,1571753
10-Jan-08,1552107
11-Jan-08,1355265
12-Jan-08,1241724
13-Jan-08,1579285
14-Jan-08,1597184
15-Jan-08,1591602
16-Jan-08,1608466
17-Jan-08,1572110
18-Jan-08,1358283
19-Jan-08,1254812
20-Jan-08,1585197
21-Jan-08,1624569
22-Jan-08,1624525
23-Jan-08,1630871
24-Jan-08,1617726
25-Jan-08,1403170
26-Jan-08,1302136
27-Jan-08,1607972
28-Jan-08,1635899
29-Jan-08,1659370
30-Jan-08,1651880
31-Jan-08,1607005
01-Feb-08,1398007
02-Feb-08,1263827
03-Feb-08,1593483
04-Feb-08,1617842
05-Feb-08,1623640
06-Feb-08,1599233
07-Feb-08,1578025
08-Feb-08,1371674
09-Feb-08,1249511
10-Feb-08,1573426
11-Feb-08,1598798
12-Feb-08,1597293
13-Feb-08,1602493
14-Feb-08,1572272
15-Feb-08,1353109
16-Feb-08,1235819
17-Feb-08,1544172
18-Feb-08,1582908
19-Feb-08,1588837
20-Feb-08,1564826
21-Feb-08,1549980
22-Feb-08,1337198
23-Feb-08,1205179
24-Feb-08,1516699
25-Feb-08,1553149
26-Feb-08,1554612
27-Feb-08,1553105
28-Feb-08,1526034
29-Feb-08,1315783
01-Mar-08,1203857
02-Mar-08,1475540
03-Mar-08,1521545
04-Mar-08,1550395
05-Mar-08,1546386
06-Mar-08,1517169
07-Mar-08,1284960
08-Mar-08,1160977
09-Mar-08,1473904
10-Mar-08,1520623
11-Mar-08,1516629
12-Mar-08,1510411
13-Mar-08,1488916
14-Mar-08,1307798
15-Mar-08,1198053
16-Mar-08,1493746
17-Mar-08,1529267
18-Mar-08,1524268
19-Mar-08,1499807
20-Mar-08,1475456
21-Mar-08,1285424
22-Mar-08,1174614
23-Mar-08,1494102
24-Mar-08,1521560
25-Mar-08,1522676
26-Mar-08,1511750
27-Mar-08,1473102
28-Mar-08,1249231
29-Mar-08,1081524
30-Mar-08,1435816
31-Mar-08,1477911
01-Apr-08,1472172
02-Apr-08,1470413
03-Apr-08,1464303
04-Apr-08,1247990
05-Apr-08,1128848
06-Apr-08,1438814
07-Apr-08,1494144
08-Apr-08,1497916
09-Apr-08,1486135
10-Apr-08,1457824
11-Apr-08,1238454
12-Apr-08,1123888
13-Apr-08,1466364
14-Apr-08,1503922
15-Apr-08,1486908
16-Apr-08,1459158
17-Apr-08,1159839
18-Apr-08,1150105
19-Apr-08,1026454
20-Apr-08,1052522
21-Apr-08,1399408
22-Apr-08,1447120
23-Apr-08,1450726
24-Apr-08,1428834
25-Apr-08,1228007
26-Apr-08,1127283
27-Apr-08,1443157
28-Apr-08,1467706
29-Apr-08,1436628
30-Apr-08,1111250
01-May-08,1299478
02-May-08,1201379
03-May-08,1108925
04-May-08,1414937
05-May-08,1451604
06-May-08,1463643
07-May-08,1470601
08-May-08,1453787
09-May-08,1231630
10-May-08,1118802
11-May-08,1440287
12-May-08,1470528
13-May-08,1474137
14-May-08,1468313
15-May-08,1435030
16-May-08,1217401
17-May-08,1104238
18-May-08,1412177
19-May-08,1449004
20-May-08,1454894
21-May-08,1460214
22-May-08,1433517
23-May-08,1210586
24-May-08,1084249
25-May-08,1420743
26-May-08,1462934
27-May-08,1446059
28-May-08,1137552
29-May-08,1257698
30-May-08,1153391
31-May-08,1065144
01-Jun-08,1393370
02-Jun-08,1432816
03-Jun-08,1443198
04-Jun-08,1437437
05-Jun-08,1406645
06-Jun-08,1188377
07-Jun-08,1031272
08-Jun-08,1070094
09-Jun-08,1411912
10-Jun-08,1452961
11-Jun-08,1433608
12-Jun-08,1413198
13-Jun-08,1184876
14-Jun-08,1057345
15-Jun-08,1364239
16-Jun-08,1403967
17-Jun-08,1397181
18-Jun-08,1213538
19-Jun-08,1309238
20-Jun-08,1162785
21-Jun-08,1061984
22-Jun-08,1394485
23-Jun-08,1433679
24-Jun-08,1435373
25-Jun-08,1413120
26-Jun-08,1402517
27-Jun-08,1202819
28-Jun-08,1090661
29-Jun-08,1388247
30-Jun-08,1408907
01-Jul-08,1418953
02-Jul-08,1423982
03-Jul-08,1403080
04-Jul-08,1202808
05-Jul-08,1092124
06-Jul-08,1406981
07-Jul-08,1454019
08-Jul-08,1448157
09-Jul-08,1431401
10-Jul-08,1406501
11-Jul-08,1186673
12-Jul-08,1073619
13-Jul-08,1379294
14-Jul-08,1422984
15-Jul-08,1435523
16-Jul-08,1439174
17-Jul-08,1421604
18-Jul-08,1217477
19-Jul-08,1109852
20-Jul-08,1421306
21-Jul-08,1441458
22-Jul-08,1428587
23-Jul-08,1426353
24-Jul-08,1400638
25-Jul-08,1194011
26-Jul-08,1087626
27-Jul-08,1391403
28-Jul-08,1426681
29-Jul-08,1422133
30-Jul-08,1392990
31-Jul-08,1355546
01-Aug-08,1161834
02-Aug-08,1050820
03-Aug-08,1324979
04-Aug-08,1348847
05-Aug-08,1342864
06-Aug-08,1352238
07-Aug-08,1337693
08-Aug-08,1158170
09-Aug-08,1050034
10-Aug-08,1322927
11-Aug-08,1347118
12-Aug-08,1340955
13-Aug-08,1338770
14-Aug-08,1291352
15-Aug-08,1132859
16-Aug-08,1047118
17-Aug-08,1339089
18-Aug-08,1365583
19-Aug-08,1366105
20-Aug-08,1356194
21-Aug-08,1347602
22-Aug-08,1154069
23-Aug-08,1056671
24-Aug-08,1357588
25-Aug-08,1408327
26-Aug-08,1399727
27-Aug-08,1405208
28-Aug-08,1392283
29-Aug-08,1179810
30-Aug-08,1077046
31-Aug-08,1377651
01-Sep-08,1414562
02-Sep-08,1418546
03-Sep-08,1419105
04-Sep-08,1399381
05-Sep-08,1182740
06-Sep-08,1074406
07-Sep-08,1388705
08-Sep-08,1423620
09-Sep-08,1425329
10-Sep-08,1422538
11-Sep-08,1425054
12-Sep-08,1199584
13-Sep-08,1082959
14-Sep-08,1404291
15-Sep-08,1432097
16-Sep-08,1439407
17-Sep-08,1439548
18-Sep-08,1416396
19-Sep-08,1201204
20-Sep-08,1103922
21-Sep-08,1421694
22-Sep-08,1427823
23-Sep-08,1440172
24-Sep-08,1451548
25-Sep-08,1432681
26-Sep-08,1201302
27-Sep-08,1091512
28-Sep-08,1409581
29-Sep-08,1450335
30-Sep-08,1447674
01-Oct-08,1421562
02-Oct-08,1118188
03-Oct-08,1139878
04-Oct-08,1098091
05-Oct-08,1423352
06-Oct-08,1479845
07-Oct-08,1476996
08-Oct-08,1479253
09-Oct-08,1441586
10-Oct-08,1219870
11-Oct-08,1108619
12-Oct-08,1437443
13-Oct-08,1461918
14-Oct-08,1463649
15-Oct-08,1479030
16-Oct-08,1459749
17-Oct-08,1225132
18-Oct-08,1100762
19-Oct-08,1442514
20-Oct-08,1492788
21-Oct-08,1522860
22-Oct-08,1505977
23-Oct-08,1471965
24-Oct-08,1260624
25-Oct-08,1147317
26-Oct-08,1457689
27-Oct-08,1505694
28-Oct-08,1510785
29-Oct-08,1499170
30-Oct-08,1418875
31-Oct-08,1183457
01-Nov-08,1130394
02-Nov-08,1468579
03-Nov-08,1510617
04-Nov-08,1529988
05-Nov-08,1513460
06-Nov-08,1502136
07-Nov-08,1266381
08-Nov-08,1167860
09-Nov-08,1495784
10-Nov-08,1535619
11-Nov-08,1542936
12-Nov-08,1540387
13-Nov-08,1511604
14-Nov-08,1298391
15-Nov-08,1188413
16-Nov-08,1498331
17-Nov-08,1551955
18-Nov-08,1535430
19-Nov-08,1546448
20-Nov-08,1528910
21-Nov-08,1311324
22-Nov-08,1192024
23-Nov-08,1513093
24-Nov-08,1558998
25-Nov-08,1579634
26-Nov-08,1577556
27-Nov-08,1568313
28-Nov-08,1363684
29-Nov-08,1260712
30-Nov-08,1601405
01-Dec-08,1637787
02-Dec-08,1649356
03-Dec-08,1639921
04-Dec-08,1605242
05-Dec-08,1369124
06-Dec-08,1270217
07-Dec-08,1579225
08-Dec-08,1631464
09-Dec-08,1649171
10-Dec-08,1632295
11-Dec-08,1581700
12-Dec-08,1347229
13-Dec-08,1245712
14-Dec-08,1548281
15-Dec-08,1562978
16-Dec-08,1566338
17-Dec-08,1519983
18-Dec-08,1461387
19-Dec-08,1305102
20-Dec-08,1196622
21-Dec-08,1362758
22-Dec-08,1328000
23-Dec-08,1157040
24-Dec-08,1089226
25-Dec-08,1099576
26-Dec-08,1197159
27-Dec-08,1165971
28-Dec-08,1315406
29-Dec-08,1302529
30-Dec-08,1183621
31-Dec-08,1112449
01-Jan-09,1297830
02-Jan-09,1266500
03-Jan-09,1198038
04-Jan-09,1445248
05-Jan-09,1452830
06-Jan-09,1567518
07-Jan-09,1588293
08-Jan-09,1565173
09-Jan-09,1334981
10-Jan-09,1260155
11-Jan-09,1578313
12-Jan-09,1575490
13-Jan-09,1591347
14-Jan-09,1603362
15-Jan-09,1566456
16-Jan-09,1358593
17-Jan-09,1265404
18-Jan-09,1589942
19-Jan-09,1628984
20-Jan-09,1631957
21-Jan-09,1637176
22-Jan-09,1616787
23-Jan-09,1408269
24-Jan-09,1289891
25-Jan-09,1606862
26-Jan-09,1621552
27-Jan-09,1625551
28-Jan-09,1620837
29-Jan-09,1587861
30-Jan-09,1365467
31-Jan-09,1271755
01-Feb-09,1603180
02-Feb-09,1638428
03-Feb-09,1651262
04-Feb-09,1647168
05-Feb-09,1621482
06-Feb-09,1414357
07-Feb-09,1295783
08-Feb-09,1615217
09-Feb-09,1627149
10-Feb-09,1621881
11-Feb-09,1619408
12-Feb-09,1584926
13-Feb-09,1364495
14-Feb-09,1259700
15-Feb-09,1532240
16-Feb-09,1599986
17-Feb-09,1610726
18-Feb-09,1607336
19-Feb-09,1575393
20-Feb-09,1349504
21-Feb-09,1254568
22-Feb-09,1588212
23-Feb-09,1605108
24-Feb-09,1585879
25-Feb-09,1579525
26-Feb-09,1570248
27-Feb-09,1346191
28-Feb-09,1235935
01-Mar-09,1540056
02-Mar-09,1571435
03-Mar-09,1578370
04-Mar-09,1573848
05-Mar-09,1549441
06-Mar-09,1323832
07-Mar-09,1181904
08-Mar-09,1491538
09-Mar-09,1537497
10-Mar-09,1530025
11-Mar-09,1536023
12-Mar-09,1525948
13-Mar-09,1325684
14-Mar-09,1210979
15-Mar-09,1504070
16-Mar-09,1507240
17-Mar-09,1498879
18-Mar-09,1507510
19-Mar-09,1490777
20-Mar-09,1309044
21-Mar-09,1193994
22-Mar-09,1496347
23-Mar-09,1518716
24-Mar-09,1508830
25-Mar-09,1519855
26-Mar-09,1501765
27-Mar-09,1279926
28-Mar-09,1138075
29-Mar-09,1492574
30-Mar-09,1516221
31-Mar-09,1530693
01-Apr-09,1511663
02-Apr-09,1185560
03-Apr-09,1193294
04-Apr-09,1088420
05-Apr-09,1116438
06-Apr-09,1453842
07-Apr-09,1477538
08-Apr-09,1450546
09-Apr-09,1423656
10-Apr-09,1239543
11-Apr-09,1118617
12-Apr-09,1436020
13-Apr-09,1464909
14-Apr-09,1456171
15-Apr-09,1447506
16-Apr-09,1435477
17-Apr-09,1210232
18-Apr-09,1099607
19-Apr-09,1402351
20-Apr-09,1431818
21-Apr-09,1423360
22-Apr-09,1418374
23-Apr-09,1401340
24-Apr-09,1211127
25-Apr-09,1099195
26-Apr-09,1437439
27-Apr-09,1465495
28-Apr-09,1455266
29-Apr-09,1431492
30-Apr-09,1091073
01-May-09,1123890
02-May-09,1097202
03-May-09,1404842
04-May-09,1445436
05-May-09,1433919
06-May-09,1430879
07-May-09,1396236
08-May-09,1194077
09-May-09,1084300
10-May-09,1399026
11-May-09,1432256
12-May-09,1400104
13-May-09,1106469
14-May-09,1241813
15-May-09,1155465
16-May-09,1073682
17-May-09,1386934
18-May-09,1433138
19-May-09,1425178
20-May-09,1422759
21-May-09,1398210
22-May-09,1174853
23-May-09,1013119
24-May-09,1048582
25-May-09,1376948
26-May-09,1419761
27-May-09,1417768
28-May-09,1392910
29-May-09,1193595
30-May-09,1080176
31-May-09,1386294
01-Jun-09,1435984
02-Jun-09,1415685
03-Jun-09,1210487
04-Jun-09,1316917
05-Jun-09,1183470
06-Jun-09,1066852
07-Jun-09,1386902
08-Jun-09,1418665
09-Jun-09,1424414
10-Jun-09,1420142
11-Jun-09,1413713
12-Jun-09,1204170
13-Jun-09,1069581
14-Jun-09,1384878
15-Jun-09,1402237
16-Jun-09,1401566
17-Jun-09,1419716
18-Jun-09,1397735
19-Jun-09,1191115
20-Jun-09,1080587
21-Jun-09,1401492
22-Jun-09,1430127
23-Jun-09,1431981
24-Jun-09,1418369
25-Jun-09,1396602
26-Jun-09,1187328
27-Jun-09,1060170
28-Jun-09,1388314
29-Jun-09,1422701
30-Jun-09,1441912
01-Jul-09,1468790
02-Jul-09,1443564
03-Jul-09,1226328
04-Jul-09,1117068
05-Jul-09,1414948
06-Jul-09,1452898
07-Jul-09,1437565
08-Jul-09,1415530
09-Jul-09,1384977
10-Jul-09,1174850
11-Jul-09,1080720
12-Jul-09,1393289
13-Jul-09,1428946
14-Jul-09,1429612
15-Jul-09,1438587
16-Jul-09,1430143
17-Jul-09,1197793
18-Jul-09,1089298
19-Jul-09,1390273
20-Jul-09,1448701
21-Jul-09,1443588
22-Jul-09,1418641
23-Jul-09,1390624
24-Jul-09,1188306
25-Jul-09,1050663
26-Jul-09,1345406
27-Jul-09,1378826
28-Jul-09,1373896
29-Jul-09,1372079
30-Jul-09,1330745
31-Jul-09,1132633
01-Aug-09,1033913
02-Aug-09,1343716
03-Aug-09,1386450
04-Aug-09,1367684
05-Aug-09,1388179
06-Aug-09,1366913
07-Aug-09,1171841
08-Aug-09,1067655
09-Aug-09,1356345
10-Aug-09,1383475
11-Aug-09,1393653
12-Aug-09,1393551
13-Aug-09,1370660
14-Aug-09,1152938
15-Aug-09,1064931
16-Aug-09,1356998
17-Aug-09,1374925
18-Aug-09,1364082
19-Aug-09,1367237
20-Aug-09,1346296
21-Aug-09,1153361
22-Aug-09,1058653
23-Aug-09,1378587
24-Aug-09,1399382
25-Aug-09,1410070
26-Aug-09,1423739
27-Aug-09,1387010
28-Aug-09,1174395
29-Aug-09,1079755
30-Aug-09,1407377
31-Aug-09,1455075
01-Sep-09,1432793
02-Sep-09,1425337
03-Sep-09,1400839
04-Sep-09,1197974
05-Sep-09,1105590
06-Sep-09,1399964
07-Sep-09,1434258
08-Sep-09,1426761
09-Sep-09,1425184
10-Sep-09,1411765
11-Sep-09,1210833
12-Sep-09,1108696
13-Sep-09,1429071
14-Sep-09,1457998
15-Sep-09,1473973
16-Sep-09,1479677
17-Sep-09,1420671
18-Sep-09,1204499
19-Sep-09,1105280
20-Sep-09,1410812
21-Sep-09,1461464
22-Sep-09,1465330
23-Sep-09,1456351
24-Sep-09,1431783
25-Sep-09,1221971
26-Sep-09,1117519
27-Sep-09,1422698
28-Sep-09,1458590
29-Sep-09,1459485
30-Sep-09,1425289
01-Oct-09,1397045
02-Oct-09,1112761
03-Oct-09,1091728
04-Oct-09,1401000
05-Oct-09,1472549
06-Oct-09,1481929
07-Oct-09,1477424
08-Oct-09,1437190
09-Oct-09,1223330
10-Oct-09,1121988
11-Oct-09,1435893
12-Oct-09,1508598
13-Oct-09,1541799
14-Oct-09,1542881
15-Oct-09,1512341
16-Oct-09,1281306
17-Oct-09,1176192
18-Oct-09,1483922
19-Oct-09,1515740
20-Oct-09,1510719
21-Oct-09,1515220
22-Oct-09,1468799
23-Oct-09,1254556
24-Oct-09,1167445
25-Oct-09,1455161
26-Oct-09,1501078
27-Oct-09,1513815
28-Oct-09,1505899
29-Oct-09,1484716
30-Oct-09,1242054
31-Oct-09,1162333
01-Nov-09,1481697
02-Nov-09,1523906
03-Nov-09,1524603
04-Nov-09,1505444
05-Nov-09,1480891
06-Nov-09,1274158
07-Nov-09,1160894
08-Nov-09,1492275
09-Nov-09,1532622
10-Nov-09,1521997
11-Nov-09,1518480
12-Nov-09,1512223
13-Nov-09,1303564
14-Nov-09,1202864
15-Nov-09,1499673
16-Nov-09,1541185
17-Nov-09,1533360
18-Nov-09,1550026
19-Nov-09,1532376
20-Nov-09,1316411
21-Nov-09,1239846
22-Nov-09,1557301
23-Nov-09,1617026
24-Nov-09,1613833
25-Nov-09,1595830
26-Nov-09,1574161
27-Nov-09,1368524
28-Nov-09,1267845
29-Nov-09,1566359
30-Nov-09,1588472
01-Dec-09,1584966
02-Dec-09,1576896
03-Dec-09,1572062
04-Dec-09,1341265
05-Dec-09,1232841
06-Dec-09,1530644
07-Dec-09,1572231
08-Dec-09,1585553
09-Dec-09,1595923
10-Dec-09,1580723
11-Dec-09,1338977
12-Dec-09,1240722
13-Dec-09,1551273
14-Dec-09,1567981
15-Dec-09,1564155
16-Dec-09,1512936
17-Dec-09,1464865
18-Dec-09,1258281
19-Dec-09,1165584
20-Dec-09,1393571
21-Dec-09,1379937
22-Dec-09,1316390
23-Dec-09,1124051
24-Dec-09,1048083
25-Dec-09,1048941
26-Dec-09,1067776
27-Dec-09,1215866
28-Dec-09,1234045
29-Dec-09,1237287
30-Dec-09,1158909
